Team,Season,FG_norm,FGA_norm,FG%_norm,3P_norm,3PA_norm,3P%_norm,2P_norm,2PA_norm,2P%_norm,eFG%_norm,FT_norm,FTA_norm,FT%_norm,ORB_norm,DRB_norm,TRB_norm,AST_norm,STL_norm,TS%_norm,BLK_norm,TOV_norm,PF_norm,PTS_norm,TMVP-1_norm,TDPOY-1_norm,MVP-1_norm,DPOY-1_norm,ALL-NBA-1_norm,W%,Rk
ATL,2005,0.2463570127504554,0.25142973856209155,0.4425,0.06498951781970651,0.0803872053872054,0.2411111111111111,0.22844827586206895,0.2595095095095095,0.45983333333333337,0.30803703703703705,0.13700107874865156,0.16169828364950314,0.6875,0.19537037037037036,0.20601851851851852,0.20277777777777778,0.13541666666666666,0.23333333333333334,0.4599110826955892,0.06018518518518518,0.23294346978557506,0.3888888888888889,0.21391197291474298,0.0,0.0,0.0,0.0,0.0,0.15853658536585366,30
ATL,2006,0.23224043715846995,0.2301470588235294,0.4322,0.08176100628930819,0.08838383838383838,0.25453333333333333,0.2057471264367816,0.22912912912912914,0.44920000000000004,0.306,0.1663430420711974,0.18265582655826557,0.7451333333333333,0.17555555555555555,0.185,0.1811111111111111,0.1203125,0.19555555555555554,0.4998029017816611,0.058888888888888886,0.21286549707602337,0.3511111111111111,0.21606648199445982,0.0,0.0,0.0,0.0,0.0,0.3170731707317073,27
ATL,2007,0.22905282331511842,0.235702614379085,0.42483333333333334,0.06603773584905662,0.08375420875420875,0.22538888888888886,0.210727969348659,0.23898898898898902,0.4505,0.2965925925925926,0.15803667745415317,0.17344173441734415,0.7158888888888888,0.15092592592592594,0.1875,0.17592592592592593,0.1328125,0.2,0.4586847183984287,0.06481481481481483,0.21734892787524365,0.32962962962962966,0.2100646352723915,0.0,0.0,0.0,0.0,0.0,0.36585365853658536,27
ATL,2008,0.2849936948297604,0.28761312217194573,0.4283076923076923,0.10449927431059508,0.11596736596736598,0.2216153846153846,0.25132625994694957,0.28343728343728347,0.44146153846153846,0.3056923076923077,0.18521284540702015,0.20075046904315194,0.7596153846153846,0.17820512820512818,0.2391025641025641,0.2188034188034188,0.1856971153846154,0.2358974358974359,0.4697339915704226,0.07692307692307691,0.24291497975708504,0.3397435897435897,0.2606008949499254,0.0,0.0,0.0,0.07692307692307693,0.0,0.45121951219512196,19
ATL,2009,0.2488290398126464,0.24737394957983194,0.4427857142857143,0.1091644204851752,0.12121212121212122,0.29592857142857143,0.2124384236453202,0.22972972972972974,0.467,0.3169047619047619,0.15325936199722606,0.1794425087108014,0.6447857142857142,0.15238095238095237,0.20714285714285713,0.19007936507936507,0.13504464285714285,0.20476190476190476,0.47214529955832407,0.06666666666666667,0.17167919799498746,0.27976190476190477,0.22754254056193113,0.0,0.0,0.0,0.07142857142857142,0.0,0.573170731707317,12
ATL,2010,0.3278688524590164,0.3150735294117647,0.45620000000000005,0.12641509433962267,0.14090909090909093,0.3142,0.28706896551724137,0.3013513513513514,0.48319999999999996,0.32693333333333335,0.17669902912621357,0.19349593495934958,0.7816,0.2,0.2541666666666667,0.23444444444444446,0.17578125,0.24333333333333335,0.4907381298584227,0.08666666666666667,0.2017543859649123,0.33499999999999996,0.2897506925207756,0.0,0.0,0.0,0.1,0.0,0.6463414634146342,6
ATL,2011,0.23143683702989395,0.22880622837370243,0.44764705882352945,0.09988901220865705,0.11274509803921569,0.34647058823529414,0.1977687626774848,0.21356650768415475,0.4642941176470588,0.32176470588235295,0.12392918332381496,0.13438546150167383,0.7391764705882353,0.12745098039215685,0.1965686274509804,0.17287581699346408,0.13786764705882354,0.16862745098039217,0.49147693236432344,0.055882352941176466,0.18885448916408668,0.27058823529411763,0.2062897181033078,0.0,0.0,0.058823529411764705,0.058823529411764705,0.058823529411764705,0.5365853658536586,13
ATL,2012,0.253551912568306,0.24877450980392155,0.42619999999999997,0.11320754716981132,0.12424242424242425,0.26986666666666664,0.21551724137931036,0.23183183183183184,0.4435333333333334,0.3138222222222222,0.12491909385113269,0.14254742547425475,0.708,0.15555555555555556,0.22666666666666666,0.20333333333333334,0.1453125,0.2222222222222222,0.46702497626350836,0.07,0.19415204678362571,0.2611111111111111,0.2245614035087719,0.0,0.0,0.0,0.06666666666666667,0.06666666666666667,0.6060606060606061,8
ATL,2013,0.24043715846994537,0.2375408496732026,0.4182222222222223,0.13626834381551364,0.14983164983164984,0.28494444444444444,0.19013409961685823,0.2022022022022022,0.4468888888888889,0.316037037037037,0.10949298813376483,0.12466124661246611,0.7178333333333333,0.12037037037037036,0.21388888888888888,0.18333333333333332,0.15147569444444445,0.21296296296296294,0.4688323843604148,0.05185185185185185,0.1968810916179337,0.2537037037037037,0.21360418590335487,0.0,0.0,0.0,0.05555555555555555,0.0,0.5365853658536586,14
ATL,2014,0.27407786885245905,0.26769301470588236,0.44437499999999996,0.14504716981132076,0.16761363636363635,0.2715625,0.22090517241379312,0.22888513513513514,0.488875,0.33208333333333334,0.13774271844660194,0.14939024390243902,0.7773125000000001,0.14166666666666666,0.24427083333333333,0.209375,0.15966796875,0.2375,0.493746849241778,0.06666666666666667,0.23026315789473684,0.2864583333333333,0.2451523545706371,0.0,0.0,0.0,0.0,0.0,0.4634146341463415,18
ATL,2015,0.2489754098360656,0.24241727941176472,0.4429375,0.1509433962264151,0.16335227272727273,0.316125,0.19181034482758622,0.20016891891891891,0.4860625,0.3363333333333333,0.12317961165048542,0.13465447154471544,0.733625,0.125,0.21979166666666666,0.18784722222222222,0.15380859375,0.25,0.4977918328093751,0.0625,0.18311403508771928,0.25729166666666664,0.22524238227146814,0.0,0.0,0.0,0.0,0.0,0.7317073170731707,2
ATL,2016,0.22854387656702024,0.22556228373702425,0.439,0.13096559378468367,0.15641711229946526,0.2681176470588235,0.1815415821501014,0.18335983041865395,0.5069411764705882,0.32819607843137255,0.11079383209594516,0.11956001912960304,0.695,0.10784313725490195,0.20980392156862743,0.17614379084967322,0.14384191176470587,0.22156862745098038,0.48558550942374934,0.07156862745098039,0.18885448916408668,0.24803921568627452,0.20466025745478245,0.0,0.0,0.0,0.0,0.0,0.5853658536585366,7
ATL,2017,0.22346850733390858,0.23722910216718268,0.3927894736842105,0.13704071499503478,0.16547049441786285,0.27631578947368424,0.1733212341197822,0.19203413940256045,0.4368421052631579,0.2977894736842105,0.13438937148696983,0.1489088575096277,0.7716842105263159,0.12631578947368421,0.22017543859649125,0.18976608187134503,0.140625,0.19824561403508772,0.4568153567140114,0.058771929824561406,0.1966759002770083,0.243859649122807,0.20965155270447586,0.0,0.0,0.0,0.05263157894736842,0.0,0.524390243902439,11
ATL,2018,0.23926619828259174,0.2426470588235294,0.46919047619047616,0.169811320754717,0.19083694083694086,0.34276190476190477,0.17364532019704434,0.18425568425568425,0.4911904761904762,0.3618095238095238,0.10910772075820618,0.11614401858304298,0.6889047619047619,0.12063492063492062,0.21468253968253967,0.18333333333333335,0.13950892857142858,0.2015873015873016,0.5294695034736249,0.051587301587301584,0.2088554720133667,0.2706349206349207,0.21778129534362223,0.0,0.0,0.0,0.0,0.0,0.2926829268292683,27
ATL,2019,0.23106947697111632,0.2312675070028011,0.43257142857142855,0.16262353998203055,0.1893939393939394,0.29928571428571427,0.1691297208538588,0.17095667095667094,0.47809523809523813,0.3315555555555556,0.11234396671289874,0.12853271389856755,0.649,0.15873015873015872,0.21706349206349207,0.1978835978835979,0.13020833333333334,0.19047619047619047,0.48115814627926473,0.05793650793650793,0.189640768588137,0.3007936507936508,0.21224112913863605,0.0,0.0,0.0,0.0,0.0,0.35365853658536583,26
ATL,2020,0.2573770491803279,0.2670955882352941,0.40970000000000006,0.16603773584905662,0.2162878787878788,0.256,0.1952586206896552,0.19954954954954957,0.46945,0.30896666666666667,0.12766990291262134,0.13780487804878047,0.67425,0.13833333333333334,0.24,0.20666666666666664,0.148046875,0.23666666666666666,0.457828414428915,0.07416666666666667,0.21754385964912276,0.3275,0.23531855955678668,0.0,0.0,0.0,0.0,0.0,0.29850746268656714,26
ATL,2021,0.2736794171220401,0.2724673202614379,0.43172222222222223,0.1949685534591195,0.21506734006734007,0.28288888888888886,0.1992337164750958,0.2067067067067067,0.47205555555555556,0.3312222222222222,0.16396979503775622,0.16757000903342364,0.7838333333333334,0.13425925925925924,0.24259259259259258,0.2064814814814815,0.1584201388888889,0.2074074074074074,0.5035603573177762,0.06574074074074074,0.195906432748538,0.29074074074074074,0.2608494921514312,0.0,0.0,0.0,0.0,0.0,0.5694444444444444,11
ATL,2022,0.2596870342771982,0.24766042780748665,0.4632727272727273,0.19039451114922815,0.20110192837465568,0.31822727272727275,0.18730407523510972,0.18407043407043408,0.517090909090909,0.35718181818181816,0.13150926743159752,0.13562453806356245,0.7509545454545455,0.1318181818181818,0.22765151515151513,0.19646464646464645,0.12890625,0.19090909090909092,0.5268884356212868,0.05378787878787879,0.13078149920255183,0.2901515151515151,0.24087131704860235,0.0,0.0,0.0,0.045454545454545456,0.0,0.524390243902439,16
ATL,2023,0.2827868852459017,0.26491013071895425,0.4783888888888889,0.1729559748427673,0.19696969696969696,0.28144444444444444,0.21743295019157088,0.20795795795795796,0.5520555555555555,0.36177777777777775,0.13106796116504854,0.13595302619692864,0.7327777777777778,0.14907407407407405,0.2222222222222222,0.19753086419753088,0.14583333333333331,0.18518518518518517,0.5273243659132958,0.0611111111111111,0.16666666666666666,0.25555555555555554,0.2530009233610342,0.0,0.0,0.0,0.0,0.05555555555555555,0.5,17
ATL,2024,0.272648835202761,0.2693498452012384,0.43605263157894736,0.21449851042701093,0.23923444976076558,0.3051052631578947,0.18829401088929218,0.18824087245139876,0.5100526315789474,0.3465964912280702,0.13438937148696983,0.1420624732563115,0.7007368421052632,0.17017543859649123,0.22017543859649125,0.2026315789473684,0.16488486842105263,0.21052631578947367,0.5110721152262134,0.06403508771929824,0.17820867959372114,0.2771929824561403,0.2549934392768625,0.0,0.0,0.0,0.0,0.0,0.43902439024390244,21
ATL,2025,0.32943013270882127,0.3119747899159664,0.4782380952380952,0.2821203953279425,0.2925685425685426,0.3504761904761905,0.2171592775041051,0.20806520806520806,0.5522380952380952,0.3788571428571429,0.14054553860379104,0.151374370886566,0.7287619047619047,0.1706349206349206,0.2492063492063492,0.2224867724867725,0.18675595238095238,0.2571428571428571,0.5518313117480087,0.073015873015873,0.21804511278195488,0.29047619047619044,0.3043134151167392,0.0,0.0,0.0,0.0,0.0,0.4878048780487805,16
BOS,2005,0.253551912568306,0.24607843137254903,0.45393333333333336,0.08679245283018869,0.10101010101010102,0.23320000000000002,0.2264367816091954,0.24114114114114116,0.4855333333333334,0.3237777777777778,0.16245954692556633,0.18265582655826557,0.7090666666666666,0.16444444444444445,0.2138888888888889,0.19777777777777777,0.140625,0.22444444444444445,0.48935265705719216,0.07444444444444445,0.22573099415204678,0.3466666666666667,0.23028624192059097,0.0,0.0,0.0,0.0,0.0,0.5487804878048781,11
BOS,2006,0.2522768670309654,0.24285130718954248,0.4462777777777778,0.0849056603773585,0.0946969696969697,0.23322222222222225,0.22653256704980843,0.24224224224224222,0.4591111111111111,0.3187037037037037,0.16828478964401294,0.18473351400180665,0.7381666666666667,0.1398148148148148,0.20185185185185184,0.18117283950617283,0.13975694444444445,0.19999999999999998,0.48924850491836025,0.06666666666666667,0.24463937621832357,0.35833333333333334,0.23099415204678364,0.0,0.0,0.0,0.0,0.0,0.4024390243902439,24
BOS,2007,0.2607581967213115,0.2653952205882353,0.43125,0.10377358490566038,0.11079545454545456,0.24812499999999998,0.22844827586206898,0.25900900900900903,0.440625,0.30954166666666666,0.1941747572815534,0.211890243902439,0.7536875000000001,0.17291666666666666,0.22604166666666667,0.20868055555555556,0.13134765625,0.22708333333333333,0.48450433907783164,0.08333333333333333,0.2532894736842105,0.39375,0.24757617728531855,0.0,0.0,0.0,0.0,0.0,0.2926829268292683,29
BOS,2008,0.24426229508196723,0.23529411764705885,0.45253333333333334,0.1069182389937107,0.11515151515151516,0.2084666666666667,0.2074712643678161,0.22012012012012014,0.46900000000000003,0.32720000000000005,0.16116504854368932,0.17669376693766933,0.7402,0.15333333333333332,0.2211111111111111,0.19814814814814816,0.1421875,0.2311111111111111,0.49678201427051555,0.06777777777777777,0.20701754385964913,0.3377777777777778,0.22659279778393351,0.0,0.0,0.06666666666666667,0.06666666666666667,0.06666666666666667,0.8048780487804879,1
BOS,2009,0.2716627634660422,0.25131302521008403,0.481,0.09973045822102425,0.10443722943722945,0.23957142857142857,0.2395320197044335,0.24613899613899615,0.4967142857142857,0.3446666666666666,0.15880721220527044,0.17479674796747965,0.7424999999999999,0.15833333333333335,0.23750000000000002,0.2095238095238095,0.15904017857142858,0.2261904761904762,0.5146050106836798,0.07142857142857142,0.23934837092731828,0.3773809523809524,0.24337158686189156,0.0,0.07142857142857142,0.14285714285714285,0.14285714285714285,0.14285714285714285,0.7560975609756098,3
BOS,2010,0.27049180327868855,0.2519607843137255,0.4736,0.11949685534591195,0.1297979797979798,0.2516,0.22873563218390805,0.23183183183183184,0.49733333333333335,0.3477777777777778,0.14692556634304207,0.16585365853658537,0.6507333333333333,0.13,0.21944444444444444,0.19074074074074074,0.15833333333333333,0.23555555555555555,0.5144860893336214,0.06333333333333332,0.20935672514619882,0.31777777777777777,0.24155124653739612,0.0,0.0,0.06666666666666667,0.13333333333333333,0.06666666666666667,0.6097560975609756,9
BOS,2011,0.2256049960967994,0.20763305322128853,0.48104761904761906,0.05929919137466308,0.06818181818181819,0.20147619047619048,0.20977011494252873,0.21385671385671384,0.505095238095238,0.33780952380952384,0.13222376329172444,0.15021293070073558,0.733,0.1253968253968254,0.21706349206349207,0.18544973544973545,0.12723214285714285,0.2,0.5072596680054002,0.07222222222222222,0.19966583124477863,0.3126984126984127,0.1994459833795014,0.0,0.0,0.0,0.09523809523809523,0.0,0.6829268292682927,6
BOS,2012,0.22854387656702024,0.22426470588235295,0.4560588235294118,0.08213096559378467,0.09046345811051693,0.18447058823529414,0.2028397565922921,0.221250662427133,0.476764705882353,0.32513725490196077,0.12335808109651628,0.13438546150167383,0.7231176470588235,0.12450980392156863,0.22205882352941175,0.18856209150326797,0.14108455882352938,0.21372549019607842,0.4885521858342257,0.08627450980392157,0.20433436532507737,0.296078431372549,0.20221606648199444,0.0,0.0,0.058823529411764705,0.11764705882352941,0.0,0.5909090909090909,10
BOS,2013,0.2377049180327869,0.22998366013071894,0.4541111111111111,0.08071278825995808,0.0925925925925926,0.19038888888888889,0.21264367816091956,0.22622622622622623,0.47244444444444444,0.3192962962962963,0.11704422869471413,0.13595302619692862,0.6488888888888888,0.11944444444444444,0.21157407407407408,0.18055555555555555,0.15060763888888887,0.22037037037037038,0.47219794662948833,0.0611111111111111,0.21832358674463936,0.3138888888888889,0.20590951061865187,0.0,0.0,0.05555555555555555,0.1111111111111111,0.05555555555555555,0.5061728395061729,16
BOS,2014,0.23468507333908545,0.24458204334365327,0.4277368421052632,0.11618669314796426,0.13875598086124405,0.29236842105263156,0.1937386569872958,0.21669037458511142,0.456421052631579,0.3212982456140351,0.11957077158916708,0.13478818998716302,0.6798421052631579,0.14210526315789473,0.20482456140350877,0.18333333333333335,0.15008223684210525,0.20350877192982456,0.47422116867966213,0.051754385964912275,0.21329639889196675,0.27982456140350875,0.21023472809447438,0.0,0.0,0.0,0.05263157894736842,0.0,0.3048780487804878,26
BOS,2015,0.2611241217798595,0.27153361344537813,0.4278095238095238,0.14016172506738545,0.17496392496392496,0.2865714285714286,0.2105911330049261,0.22908622908622908,0.4662857142857143,0.31685714285714284,0.12852519648636151,0.1424699961285327,0.7050952380952381,0.1484126984126984,0.22976190476190478,0.2021164021164021,0.1871279761904762,0.23809523809523808,0.46764827473095427,0.047619047619047616,0.2013366750208855,0.28015873015873016,0.23361034164358263,0.0,0.0,0.0,0.0,0.0,0.4878048780487805,16
BOS,2016,0.2652224824355972,0.27415966386554624,0.42042857142857143,0.1347708894878706,0.16612554112554115,0.2587857142857143,0.2185960591133005,0.23745173745173748,0.4715714285714286,0.312,0.14771151178918168,0.1562137049941928,0.7373571428571429,0.16547619047619047,0.23511904761904762,0.2119047619047619,0.15457589285714285,0.25952380952380955,0.4672509543505091,0.058333333333333334,0.20050125313283207,0.31428571428571433,0.241195092995647,0.0,0.0,0.0,0.0,0.0,0.5853658536585366,8
BOS,2017,0.27107728337236536,0.26785714285714285,0.45285714285714285,0.192722371967655,0.21428571428571427,0.3047857142857143,0.19704433497536947,0.20045045045045046,0.5107857142857143,0.34380952380952384,0.14771151178918168,0.1562137049941928,0.7309285714285715,0.13214285714285715,0.23333333333333334,0.20079365079365077,0.16238839285714285,0.20714285714285713,0.5039844240325841,0.058333333333333334,0.18671679197994986,0.28928571428571426,0.25326474079936684,0.0,0.0,0.0,0.21428571428571427,0.0,0.6463414634146342,4
BOS,2018,0.25318761384335153,0.2465277777777778,0.4502222222222222,0.16771488469601678,0.18223905723905723,0.3031111111111111,0.18869731800766285,0.19369369369369369,0.5331666666666667,0.34085185185185185,0.1192017259978425,0.13188798554652215,0.6522777777777777,0.1222222222222222,0.22361111111111112,0.19012345679012346,0.13758680555555555,0.18703703703703703,0.5040786858303823,0.05648148148148148,0.19005847953216373,0.26666666666666666,0.22976300400123112,0.0,0.0,0.0,0.0,0.0,0.6707317073170732,4
BOS,2019,0.2930327868852459,0.28170955882352944,0.4739375,0.2216981132075472,0.24147727272727273,0.33318749999999997,0.20528017241379312,0.20185810810810811,0.54375,0.362,0.1195388349514563,0.13008130081300812,0.738875,0.15,0.23750000000000002,0.20694444444444443,0.17041015625,0.2375,0.5288206198995308,0.075,0.16228070175438597,0.29583333333333334,0.26471606648199447,0.0,0.0,0.0,0.125,0.0,0.5975609756097561,9
BOS,2020,0.27254098360655743,0.267233455882353,0.45625,0.18514150943396226,0.21022727272727273,0.30025,0.20043103448275862,0.20185810810810811,0.508375,0.34158333333333335,0.14441747572815533,0.15091463414634146,0.7911875,0.14895833333333333,0.24010416666666667,0.21006944444444445,0.14599609375,0.23541666666666666,0.5102692027237729,0.08229166666666667,0.19407894736842105,0.29791666666666666,0.2517313019390581,0.0,0.0,0.0,0.0625,0.0625,0.6666666666666666,5
BOS,2021,0.25995316159250587,0.2507002801120448,0.471,0.1967654986522911,0.21176046176046176,0.30128571428571427,0.1839080459770115,0.18146718146718147,0.5289047619047619,0.36044444444444446,0.11511789181692093,0.12582268679829656,0.7183333333333334,0.14126984126984127,0.22301587301587303,0.1947089947089947,0.14546130952380953,0.2015873015873016,0.5220849387966947,0.08095238095238096,0.18379281537176273,0.28015873015873016,0.23717187706107373,0.0,0.0,0.047619047619047616,0.047619047619047616,0.047619047619047616,0.5,16
BOS,2022,0.2504098360655738,0.2452205882352941,0.4513,0.18962264150943398,0.22234848484848485,0.3075,0.17629310344827587,0.16824324324324325,0.5215,0.35113333333333335,0.12281553398058251,0.12601626016260162,0.7154,0.14250000000000002,0.22625,0.19805555555555557,0.141015625,0.19666666666666666,0.5182529537400391,0.07416666666666667,0.16842105263157894,0.24833333333333335,0.23130193905817173,0.0,0.0,0.0,0.0,0.0,0.6219512195121951,6
BOS,2023,0.2690453230472517,0.261461937716263,0.4597647058823529,0.22974472807991123,0.2535650623885918,0.30405882352941177,0.17900608519269778,0.1701112877583466,0.5514705882352942,0.35886274509803917,0.12392918332381496,0.12816834050693449,0.7252352941176471,0.16470588235294117,0.24852941176470592,0.22091503267973855,0.16498161764705882,0.1843137254901961,0.521291826986686,0.07352941176470588,0.1764705882352941,0.26666666666666666,0.25077399380804954,0.0,0.058823529411764705,0.058823529411764705,0.17647058823529413,0.058823529411764705,0.6951219512195121,2
BOS,2024,0.2677595628415301,0.24387254901960784,0.4950555555555555,0.22117400419287214,0.23021885521885524,0.3672222222222222,0.1795977011494253,0.16216216216216217,0.6061666666666666,0.3862962962962963,0.11542610571736785,0.12149954832881663,0.7263333333333333,0.1537037037037037,0.2287037037037037,0.20246913580246914,0.1501736111111111,0.19999999999999998,0.5637234874513785,0.08796296296296297,0.15009746588693956,0.22499999999999998,0.24622960911049552,0.0,0.0,0.05555555555555555,0.05555555555555555,0.1111111111111111,0.7804878048780488,1
BOS,2025,0.25364298724954465,0.2514297385620915,0.4226111111111111,0.2505241090146751,0.2790404040404041,0.29200000000000004,0.15134099616858238,0.14214214214214216,0.511888888888889,0.34392592592592597,0.11434735706580366,0.1214995483288166,0.763,0.15462962962962962,0.22824074074074074,0.20432098765432097,0.1484375,0.2037037037037037,0.505425624017723,0.07777777777777778,0.1530214424951267,0.20925925925925926,0.24007386888273313,0.0,0.0,0.05555555555555555,0.1111111111111111,0.05555555555555555,0.7439024390243902,3
BRK,2005,0.2389344262295082,0.25018382352941176,0.42824999999999996,0.0858490566037736,0.09583333333333334,0.25245,0.21206896551724136,0.25,0.4361,0.3060333333333333,0.1703883495145631,0.18739837398373982,0.7691,0.15083333333333332,0.22000000000000003,0.19666666666666666,0.133203125,0.225,0.47339544495744823,0.0625,0.21491228070175436,0.355,0.22285318559556785,0.0,0.0,0.0,0.0,0.0,0.5121951219512195,17
BRK,2006,0.21157786885245902,0.22035845588235295,0.4163125,0.0778301886792453,0.10037878787878789,0.2090625,0.18642241379310345,0.21086711711711711,0.45075000000000004,0.29733333333333334,0.13895631067961164,0.15548780487804875,0.6078125,0.16666666666666666,0.203125,0.19027777777777777,0.1455078125,0.17916666666666667,0.44517259979475016,0.046875,0.20394736842105263,0.34270833333333334,0.19407894736842105,0.0,0.0,0.0625,0.0,0.0,0.5975609756097561,8
BRK,2007,0.2837326607818411,0.27658371040723984,0.4646153846153846,0.12481857764876633,0.1357808857808858,0.22261538461538463,0.2427055702917772,0.2571032571032571,0.483,0.33528205128205124,0.17625093353248691,0.20762976860537835,0.692076923076923,0.1641025641025641,0.24423076923076922,0.2175213675213675,0.16586538461538458,0.1846153846153846,0.4977624355055991,0.05769230769230768,0.2321187584345479,0.3628205128205128,0.26187939484338374,0.0,0.0,0.0,0.0,0.0,0.5,14
BRK,2008,0.22131147540983606,0.22890866873065016,0.4245263157894737,0.09036742800397221,0.1072567783094099,0.214,0.19056261343012704,0.21669037458511142,0.4453157894736842,0.3058947368421053,0.143587123147675,0.1643132220795892,0.6803684210526315,0.15087719298245614,0.21842105263157896,0.19649122807017544,0.15748355263157895,0.17719298245614032,0.45756000206780145,0.07017543859649122,0.21052631578947367,0.32982456140350874,0.2039655926519901,0.0,0.0,0.0,0.05263157894736842,0.0,0.4146341463414634,21
BRK,2009,0.2546838407494146,0.2544642857142857,0.458,0.12264150943396226,0.1341991341991342,0.23835714285714288,0.2118226600985222,0.2323037323037323,0.4800714285714286,0.3322857142857143,0.16019417475728154,0.17828106852497094,0.6962857142857143,0.1630952380952381,0.22202380952380954,0.20317460317460317,0.13337053571428573,0.19999999999999998,0.49056376025152726,0.075,0.2055137844611529,0.3666666666666667,0.23585278986941036,0.0,0.0,0.0,0.0,0.0,0.4146341463414634,21
BRK,2010,0.24300867888138863,0.261461937716263,0.4111764705882353,0.08768035516093231,0.11363636363636365,0.214,0.21551724137931033,0.25225225225225223,0.43988235294117645,0.29694117647058826,0.15419760137064534,0.16738402678144426,0.742,0.16176470588235295,0.2176470588235294,0.1977124183006536,0.13143382352941177,0.22549019607843135,0.45025243984868557,0.07156862745098039,0.2156862745098039,0.33529411764705885,0.22111781000488837,0.0,0.0,0.0,0.0,0.0,0.14634146341463414,30
BRK,2011,0.22521467603434817,0.2386204481792717,0.41638095238095235,0.08355795148247978,0.10497835497835498,0.1728095238095238,0.1986863711001642,0.23058773058773058,0.4389523809523809,0.2941269841269841,0.13083680073971335,0.14982578397212543,0.6364761904761904,0.146031746031746,0.20833333333333334,0.18862433862433864,0.1715029761904762,0.18095238095238095,0.43988302383816535,0.05555555555555556,0.2088554720133667,0.31984126984126987,0.2020841577628281,0.0,0.0,0.047619047619047616,0.0,0.047619047619047616,0.2926829268292683,25
BRK,2012,0.24980483996877442,0.26348039215686275,0.41261904761904755,0.12039532794249774,0.14574314574314573,0.2652380952380953,0.20730706075533664,0.23595023595023595,0.4425238095238095,0.3042222222222222,0.1396208969024503,0.15640727835849785,0.6953809523809523,0.16428571428571428,0.20674603174603176,0.19285714285714284,0.12388392857142855,0.2206349206349206,0.455592372597754,0.06031746031746031,0.2046783625730994,0.30396825396825394,0.22530009233610343,0.0,0.0,0.0,0.09523809523809523,0.0,0.3333333333333333,25
BRK,2013,0.22404371584699456,0.22916666666666666,0.39353333333333335,0.11572327044025159,0.13080808080808082,0.24486666666666668,0.18448275862068966,0.20330330330330332,0.4276666666666667,0.2939111111111111,0.12944983818770225,0.14905149051490513,0.6974666666666667,0.16,0.19166666666666668,0.1811111111111111,0.11979166666666667,0.19777777777777775,0.4496422662467042,0.06333333333333332,0.18596491228070175,0.2388888888888889,0.20572483841181902,0.0,0.0,0.06666666666666667,0.0,0.0,0.5975609756097561,8
BRK,2014,0.2372735116479724,0.2318111455108359,0.45310526315789473,0.11717974180734855,0.13078149920255183,0.21831578947368419,0.19646098003629764,0.20625889046941678,0.4849473684210526,0.3284561403508772,0.15022994379151763,0.16944801026957637,0.7228947368421053,0.12543859649122807,0.1956140350877193,0.17251461988304093,0.12952302631578946,0.23157894736842108,0.4921754531015676,0.05350877192982456,0.20590951061865187,0.3140350877192983,0.22102347280944742,0.0,0.0,0.05263157894736842,0.0,0.0,0.5365853658536586,14
BRK,2015,0.23406193078324225,0.23815359477124184,0.40894444444444444,0.09853249475890985,0.12037037037037036,0.22816666666666668,0.2025862068965517,0.21996996996996998,0.44633333333333336,0.29714814814814816,0.1186623516720604,0.13550135501355012,0.7127777777777777,0.14074074074074072,0.2222222222222222,0.19506172839506172,0.11979166666666667,0.19259259259259257,0.45380729165790473,0.058333333333333334,0.18421052631578946,0.2601851851851852,0.20683287165281625,0.0,0.0,0.0,0.0,0.0,0.4634146341463415,18
BRK,2016,0.2729026036644166,0.27292387543252594,0.4441176470588235,0.10765815760266371,0.12433155080213905,0.2567058823529412,0.23732251521298173,0.26020137784843667,0.47047058823529414,0.322156862745098,0.1433466590519703,0.15542802486848398,0.7528235294117647,0.1588235294117647,0.2392156862745098,0.21176470588235294,0.1557904411764706,0.23333333333333334,0.4846166323032494,0.06764705882352941,0.22291021671826625,0.2833333333333333,0.24148606811145507,0.0,0.0,0.0,0.0,0.0,0.25609756097560976,28
BRK,2017,0.23458235753317722,0.23862044817927175,0.43309523809523814,0.15723270440251574,0.18831168831168832,0.31366666666666665,0.1748768472906404,0.1803946803946804,0.49723809523809526,0.33050793650793653,0.14285714285714285,0.15447154471544713,0.7645714285714286,0.1126984126984127,0.22023809523809523,0.18412698412698414,0.12983630952380953,0.18571428571428572,0.4966925449397295,0.05873015873015873,0.2121971595655806,0.28174603174603174,0.22187046563777862,0.0,0.0,0.0,0.0,0.0,0.24390243902439024,30
BRK,2018,0.2544886807181889,0.2610294117647059,0.42647619047619045,0.1707097933513028,0.19841269841269843,0.3339047619047619,0.18801313628899835,0.20227370227370228,0.4567619047619048,0.32780952380952383,0.14794267221451687,0.15718157181571812,0.7077619047619047,0.1349206349206349,0.23015873015873015,0.19841269841269843,0.14471726190476192,0.15238095238095237,0.48937363640735027,0.05873015873015872,0.21804511278195488,0.29047619047619044,0.23888669041023608,0.0,0.0,0.0,0.0,0.0,0.34146341463414637,23
BRK,2019,0.2650273224043716,0.26429738562091504,0.4722222222222222,0.18448637316561844,0.21885521885521886,0.238,0.19492337164750959,0.1936936936936937,0.5448888888888889,0.3525185185185185,0.14509169363538296,0.16982836495031617,0.6888888888888889,0.15462962962962962,0.24444444444444446,0.21358024691358024,0.1440972222222222,0.17407407407407408,0.516676685665358,0.049999999999999996,0.18908382066276802,0.2972222222222222,0.24730686365035393,0.0,0.0,0.0,0.0,0.0,0.5121951219512195,14
BRK,2020,0.26835352815395586,0.27014066496163686,0.4523478260869565,0.20016406890894176,0.2345191040843215,0.2827826086956522,0.191904047976012,0.1919310614962789,0.5202173913043479,0.347768115942029,0.1346559729843816,0.15129020855425945,0.7196956521739131,0.1355072463768116,0.23079710144927537,0.19903381642512077,0.16542119565217392,0.1826086956521739,0.50598745152758,0.059420289855072465,0.1945080091533181,0.3,0.24906660243285558,0.0,0.0,0.0,0.043478260869565216,0.043478260869565216,0.4861111111111111,14
BRK,2021,0.2950819672131148,0.2774203431372549,0.461,0.1957547169811321,0.21212121212121213,0.29058333333333336,0.2216235632183908,0.21396396396396397,0.5339166666666667,0.3463055555555556,0.16585760517799353,0.1697154471544715,0.7271666666666667,0.14375,0.27743055555555557,0.23263888888888892,0.1943359375,0.20555555555555552,0.5127041118580634,0.09999999999999999,0.22441520467836254,0.2833333333333333,0.2757386888273315,0.0,0.0,0.041666666666666664,0.041666666666666664,0.041666666666666664,0.6666666666666666,4
BRK,2022,0.300784034212402,0.2874040920716113,0.45339130434782604,0.19688269073010664,0.2170619235836627,0.2967391304347826,0.22601199400299848,0.22346259302781044,0.5039130434782608,0.342231884057971,0.13803292528493036,0.14492753623188404,0.6525652173913044,0.16884057971014493,0.25724637681159424,0.22753623188405797,0.17527173913043478,0.21449275362318843,0.49683258739917197,0.08043478260869565,0.21815408085430968,0.31666666666666665,0.2705046368782368,0.0,0.0,0.043478260869565216,0.0,0.043478260869565216,0.5365853658536586,14
BRK,2023,0.29849726775956287,0.28201593137254904,0.43241666666666667,0.20518867924528303,0.22632575757575757,0.2960833333333333,0.2194683908045977,0.2107732732732733,0.4822916666666666,0.3324722222222222,0.15857605177993525,0.1605691056910569,0.7468333333333333,0.13125,0.23680555555555557,0.20185185185185184,0.19270833333333334,0.21388888888888888,0.49234318858548737,0.07986111111111112,0.23830409356725146,0.3277777777777778,0.2778162511542013,0.0,0.0,0.041666666666666664,0.041666666666666664,0.041666666666666664,0.5487804878048781,9
BRK,2024,0.26106557377049183,0.2625,0.4242,0.19905660377358492,0.22916666666666669,0.29100000000000004,0.18318965517241378,0.18536036036036035,0.4819,0.32533333333333336,0.12135922330097086,0.13658536585365852,0.6638,0.1625,0.22999999999999998,0.20694444444444446,0.18359375,0.205,0.4789846964924176,0.07166666666666667,0.18333333333333332,0.26,0.23905817174515237,0.0,0.0,0.0,0.05,0.0,0.3902439024390244,22
BRK,2025,0.3006706408345753,0.31183155080213903,0.4309545454545454,0.2624356775300172,0.3033746556473829,0.31731818181818183,0.19710031347962384,0.2018837018837019,0.4905909090909091,0.34109090909090906,0.15401588702559577,0.1629711751662971,0.7595,0.1621212121212121,0.2333333333333333,0.20959595959595959,0.2109375,0.2409090909090909,0.5038924580972896,0.06363636363636363,0.24720893141945774,0.33712121212121215,0.2853185595567867,0.0,0.0,0.0,0.0,0.0,0.3170731707317073,25
CHI,2005,0.23333333333333334,0.24460784313725492,0.41053333333333336,0.08679245283018869,0.10202020202020204,0.17553333333333335,0.20517241379310347,0.23843843843843845,0.42113333333333336,0.2932444444444444,0.14757281553398058,0.16747967479674797,0.6602666666666667,0.16999999999999998,0.2111111111111111,0.19777777777777777,0.13333333333333333,0.18444444444444444,0.4451897962701516,0.062222222222222213,0.22690058479532163,0.35,0.2134810710987996,0.0,0.0,0.0,0.0,0.0,0.573170731707317,10
CHI,2006,0.22797131147540986,0.23276654411764705,0.437875,0.09669811320754718,0.11079545454545456,0.2773125,0.19558189655172414,0.21931306306306306,0.45237499999999997,0.316125,0.12439320388349515,0.14227642276422764,0.658375,0.13541666666666666,0.20416666666666666,0.18125,0.125,0.15416666666666665,0.47014499868589177,0.053125,0.19407894736842105,0.321875,0.20394736842105263,0.0,0.0,0.0,0.1875,0.0,0.5,14
CHI,2007,0.26418663303909207,0.2604638009049774,0.4433076923076923,0.09433962264150943,0.09848484848484848,0.17461538461538462,0.2347480106100796,0.26056826056826055,0.4596923076923077,0.31169230769230766,0.15683345780433158,0.1801125703564728,0.7148461538461538,0.1794871794871795,0.2371794871794872,0.21837606837606838,0.14783653846153844,0.22820512820512823,0.46758273610749307,0.08076923076923077,0.23886639676113358,0.35641025641025637,0.23716173023652248,0.0,0.07692307692307693,0.0,0.23076923076923078,0.07692307692307693,0.5975609756097561,8
CHI,2008,0.2802254098360656,0.29044117647058826,0.4280625,0.08962264150943397,0.10416666666666667,0.1835,0.2543103448275862,0.2936373873873874,0.449125,0.3025,0.16262135922330095,0.18597560975609756,0.6666875,0.22291666666666665,0.2375,0.23194444444444445,0.15283203125,0.24583333333333332,0.4569841881662953,0.08020833333333333,0.22916666666666666,0.33541666666666664,0.2493074792243767,0.0,0.0,0.0,0.1875,0.0,0.4024390243902439,22
CHI,2009,0.29315332690453233,0.29173875432525953,0.4465882352941176,0.11986681465038845,0.12388591800356506,0.2802352941176471,0.25405679513184587,0.2835188129305776,0.4543529411764706,0.3245490196078431,0.18275271273557966,0.19416547106647533,0.707529411764706,0.1823529411764706,0.24705882352941178,0.22549019607843138,0.1484375,0.24705882352941178,0.48505619486339563,0.07745098039215687,0.2239422084623323,0.3431372549019608,0.2682092227472706,0.0,0.0,0.0,0.0,0.0,0.5,15
CHI,2010,0.257473481195757,0.26232698961937717,0.41923529411764704,0.07325194228634851,0.09224598930481284,0.19064705882352942,0.23782961460446247,0.2665606783253842,0.4389411764705882,0.2968627450980392,0.15419760137064534,0.17360114777618363,0.6925882352941177,0.16372549019607843,0.2431372549019608,0.2169934640522876,0.1323529411764706,0.19215686274509802,0.4501361367016644,0.08137254901960785,0.20743034055727552,0.30980392156862746,0.2284503829232524,0.0,0.0,0.0,0.0,0.0,0.5,17
CHI,2011,0.27301387137452715,0.2641402714932127,0.4543846153846154,0.09288824383164007,0.10664335664335665,0.2641538461538462,0.2453580901856764,0.26056826056826055,0.48661538461538456,0.3251282051282051,0.15683345780433158,0.18449030644152592,0.6349230769230769,0.19102564102564099,0.2576923076923077,0.2341880341880342,0.15504807692307693,0.2205128205128205,0.47277216212199674,0.0923076923076923,0.2213225371120108,0.3205128205128205,0.24206264649477943,0.0,0.0,0.0,0.0,0.0,0.7560975609756098,1
CHI,2012,0.30264817150063056,0.3048642533936652,0.44453846153846155,0.12481857764876633,0.13286713286713286,0.2559230769230769,0.2612732095490716,0.2934857934857935,0.4500769230769231,0.32251282051282054,0.14712471994025392,0.16760475297060662,0.7387692307692307,0.19615384615384615,0.23974358974358975,0.22649572649572652,0.19471153846153846,0.21794871794871792,0.48111123536916833,0.08333333333333333,0.24291497975708504,0.2782051282051282,0.2648625612614532,0.07692307692307693,0.0,0.07692307692307693,0.15384615384615385,0.07692307692307693,0.7575757575757576,1
CHI,2013,0.25117096018735363,0.2605042016806723,0.41814285714285715,0.08894878706199462,0.1038961038961039,0.1977142857142857,0.22352216748768475,0.2570785070785071,0.4466428571428572,0.3007142857142857,0.13314840499306518,0.1451800232288037,0.7300000000000001,0.18571428571428572,0.22321428571428573,0.20992063492063492,0.15736607142857142,0.2119047619047619,0.44986783262142627,0.07738095238095237,0.21428571428571427,0.30476190476190473,0.22081519588444795,0.0,0.0,0.0,0.14285714285714285,0.0,0.5487804878048781,11
CHI,2014,0.27923497267759567,0.2977941176470588,0.41473333333333334,0.1270440251572327,0.14747474747474748,0.2482,0.23505747126436782,0.2780780780780781,0.43906666666666666,0.30964444444444444,0.172168284789644,0.18373983739837396,0.7104,0.15777777777777777,0.23888888888888887,0.2125925925925926,0.18125,0.21555555555555556,0.46272559980525413,0.06444444444444444,0.25380116959064325,0.2966666666666667,0.2559556786703601,0.0,0.0,0.06666666666666667,0.2,0.0,0.5853658536585366,11
CHI,2015,0.2849936948297604,0.2907239819004525,0.4347692307692308,0.14078374455732948,0.15967365967365968,0.2773076923076923,0.23607427055702918,0.2598752598752599,0.4660769230769231,0.32256410256410256,0.17699775952203137,0.19136960600375236,0.7162307692307692,0.1846153846153846,0.2653846153846154,0.2371794871794872,0.16165865384615385,0.20256410256410257,0.4803626740146442,0.08974358974358973,0.2226720647773279,0.28846153846153844,0.2631578947368421,0.0,0.07692307692307693,0.07692307692307693,0.07692307692307693,0.07692307692307693,0.6097560975609756,9
CHI,2016,0.26741803278688525,0.2736672794117647,0.4313125,0.13561320754716982,0.1415719696969697,0.29275,0.22090517241379312,0.2516891891891892,0.445,0.320375,0.13531553398058252,0.14430894308943087,0.7761875,0.16874999999999998,0.26666666666666666,0.23333333333333334,0.1611328125,0.18333333333333332,0.4790498399399358,0.08645833333333333,0.2094298245614035,0.2989583333333333,0.2382271468144044,0.0,0.0,0.0,0.125,0.0625,0.5121951219512195,16
CHI,2017,0.26374156219864997,0.27227508650519033,0.4289411764705882,0.13429522752497225,0.15864527629233513,0.2865294117647059,0.21754563894523327,0.23926868044515104,0.46188235294117647,0.32254901960784316,0.1382067390062821,0.14681970349115253,0.7417058823529412,0.15882352941176472,0.23676470588235296,0.20882352941176469,0.14522058823529413,0.2176470588235294,0.48229377895990594,0.05980392156862745,0.19298245614035087,0.2568627450980392,0.23806420074955187,0.0,0.0,0.0,0.058823529411764705,0.0,0.5,15
CHI,2018,0.2774590163934426,0.2931985294117647,0.41525,0.19433962264150945,0.2181818181818182,0.2934,0.20474137931034483,0.2295045045045045,0.46855,0.31553333333333333,0.13300970873786405,0.14634146341463414,0.72615,0.1275,0.25125000000000003,0.2111111111111111,0.157421875,0.22333333333333333,0.4683649740272651,0.05166666666666666,0.2114035087719298,0.27749999999999997,0.25387811634349033,0.0,0.0,0.0,0.0,0.0,0.32926829268292684,24
CHI,2019,0.3337236533957846,0.33035714285714285,0.4494761904761905,0.17699910152740342,0.1994949494949495,0.31766666666666665,0.2697044334975369,0.28614328614328616,0.49019047619047623,0.3335873015873016,0.15349052242256125,0.16453735965931088,0.7643809523809524,0.14365079365079364,0.29047619047619044,0.24153439153439152,0.16294642857142858,0.25396825396825395,0.4945230180129897,0.06746031746031746,0.2280701754385965,0.326984126984127,0.29587125709009365,0.0,0.0,0.0,0.0,0.0,0.2682926829268293,27
CHI,2020,0.27868852459016397,0.2766544117647059,0.4693125,0.19221698113207547,0.2234848484848485,0.295,0.2036637931034483,0.20664414414414414,0.5266875,0.3546666666666667,0.12864077669902912,0.14583333333333331,0.7136875,0.16874999999999998,0.22864583333333333,0.20833333333333334,0.1435546875,0.29375,0.5163628867178185,0.06458333333333333,0.20723684210526314,0.334375,0.25277008310249305,0.0,0.0,0.0,0.0,0.0,0.3384615384615385,24
CHI,2021,0.2825711820534944,0.26993034055727555,0.4522105263157895,0.1916583912611718,0.20933014354066987,0.32289473684210523,0.21143375680580764,0.20554765291607396,0.526157894736842,0.3447719298245614,0.11343893714869697,0.12023962344886605,0.7926842105263158,0.1482456140350877,0.28114035087719297,0.23713450292397661,0.16036184210526316,0.1912280701754386,0.5095518542290992,0.06578947368421052,0.20221606648199444,0.2789473684210526,0.25193176847937016,0.0,0.0,0.0,0.0,0.0,0.4305555555555556,21
CHI,2022,0.2657463330457291,0.24845201238390094,0.486578947368421,0.16782522343594836,0.18141945773524723,0.28363157894736846,0.20326678765880218,0.19653864390706496,0.5486315789473684,0.36547368421052634,0.13030148185998977,0.1407787762088147,0.7071052631578948,0.14035087719298245,0.23421052631578948,0.2023391812865497,0.14679276315789475,0.20175438596491227,0.5348630802177934,0.058771929824561406,0.17359187442289936,0.2807017543859649,0.24099722991689748,0.0,0.0,0.0,0.0,0.0,0.5609756097560976,12
CHI,2023,0.2841530054644809,0.2590686274509804,0.5066,0.16226415094339625,0.18333333333333332,0.376,0.22413793103448276,0.209009009009009,0.5698666666666666,0.3814222222222223,0.1372168284789644,0.14905149051490513,0.7047333333333333,0.13,0.235,0.20037037037037037,0.16354166666666667,0.23111111111111113,0.5501426453504711,0.06888888888888887,0.17894736842105263,0.27666666666666667,0.25577100646352724,0.0,0.0,0.06666666666666667,0.0,0.06666666666666667,0.4878048780487805,19
CHI,2024,0.2912246865959499,0.27703287197231835,0.4651176470588235,0.18867924528301888,0.21345811051693406,0.2957058823529412,0.22058823529411764,0.212241653418124,0.5418823529411765,0.3548627450980392,0.13192461450599657,0.14108082257293159,0.7317058823529412,0.17647058823529413,0.24019607843137253,0.21797385620915033,0.15119485294117646,0.22549019607843135,0.5170957795720457,0.07156862745098039,0.17543859649122806,0.2833333333333333,0.262832002607137,0.0,0.0,0.0,0.058823529411764705,0.0,0.47560975609756095,20
CHI,2025,0.2981018119068162,0.2811532507739938,0.48810526315789476,0.24826216484607747,0.26874003189792667,0.3559473684210526,0.19963702359346644,0.1844476055002371,0.5836315789473684,0.3822105263157895,0.1205927439959121,0.12409071459135643,0.7629473684210527,0.1456140350877193,0.23859649122807017,0.20789473684210527,0.19695723684210525,0.2175438596491228,0.5581516527948321,0.058771929824561406,0.19575253924284394,0.2456140350877193,0.272780288671818,0.0,0.0,0.0,0.0,0.0,0.47560975609756095,18
CHO,2005,0.24331320103537535,0.2571594427244582,0.4196842105263158,0.07249255213505462,0.0817384370015949,0.22636842105263158,0.22277676950998188,0.2669511616880038,0.42594736842105263,0.29785964912280705,0.1384772611139499,0.165596919127086,0.6957368421052631,0.17368421052631577,0.19298245614035087,0.1865497076023392,0.13486842105263158,0.24035087719298245,0.44857721274873547,0.07105263157894737,0.20221606648199444,0.34736842105263155,0.21490013121446272,0.0,0.0,0.0,0.0,0.0,0.21951219512195122,28
CHO,2006,0.27049180327868855,0.28239889705882354,0.4170625,0.08136792452830188,0.09895833333333334,0.2070625,0.24515086206896552,0.2874436936936937,0.4355,0.29762500000000003,0.1783980582524272,0.20579268292682923,0.7473125,0.19895833333333332,0.22552083333333334,0.21631944444444445,0.13623046875,0.3,0.4589907256370812,0.08020833333333333,0.22478070175438597,0.3729166666666667,0.24497922437673128,0.0,0.0,0.0,0.0625,0.0,0.3170731707317073,28
CHO,2007,0.23907103825136616,0.2406045751633987,0.4366666666666667,0.07337526205450734,0.08670033670033671,0.20305555555555557,0.2164750957854406,0.24349349349349347,0.4565,0.3064074074074074,0.1564185544768069,0.17750677506775067,0.7355555555555555,0.15925925925925927,0.19537037037037036,0.18271604938271604,0.1440972222222222,0.20925925925925926,0.47409309432356955,0.0574074074074074,0.21734892787524365,0.36203703703703705,0.21668205601723606,0.0,0.0,0.0,0.05555555555555555,0.0,0.4024390243902439,21
CHO,2008,0.24808743169398909,0.25049019607843137,0.435,0.09937106918238994,0.11111111111111112,0.19,0.21379310344827587,0.24144144144144147,0.44813333333333333,0.3096888888888889,0.15016181229773462,0.17560975609756097,0.719,0.1611111111111111,0.21444444444444447,0.19592592592592595,0.14375,0.20666666666666667,0.46820670598060193,0.06777777777777777,0.21286549707602337,0.33111111111111113,0.22493074792243767,0.0,0.0,0.0,0.13333333333333333,0.0,0.3902439024390244,23
CHO,2009,0.20799180327868852,0.20863970588235295,0.416625,0.0880503144654088,0.09217171717171718,0.25495833333333334,0.17923850574712644,0.20007507507507508,0.43045833333333333,0.29786111111111113,0.11974110032362457,0.1375338753387534,0.6889583333333333,0.1451388888888889,0.17048611111111112,0.1622685185185185,0.10807291666666667,0.17361111111111108,0.4506707212308887,0.05486111111111111,0.20029239766081872,0.30416666666666664,0.18709602954755308,0.0,0.0,0.0,0.041666666666666664,0.0,0.4268292682926829,19
CHO,2010,0.2459016393442623,0.24897875816993464,0.4492777777777778,0.10272536687631029,0.11826599326599327,0.2212777777777778,0.21120689655172414,0.23473473473473472,0.46561111111111114,0.32081481481481483,0.15803667745415317,0.17615176151761516,0.6819444444444445,0.16481481481481483,0.22638888888888886,0.20617283950617285,0.12065972222222222,0.21666666666666667,0.4828151976167125,0.09074074074074073,0.21539961013645226,0.30833333333333335,0.22560787934749152,0.0,0.0,0.0,0.05555555555555555,0.0,0.5365853658536586,15
CHO,2011,0.23952641165755922,0.23835784313725494,0.44266666666666665,0.06603773584905662,0.08417508417508418,0.17755555555555558,0.2217432950191571,0.24224224224224222,0.4605555555555556,0.31062962962962964,0.14563106796116504,0.16711833785004515,0.6749444444444445,0.17037037037037037,0.23194444444444443,0.21018518518518517,0.12022569444444445,0.187037037037037,0.46515194404557,0.08796296296296297,0.21150097465886938,0.3259259259259259,0.21360418590335487,0.0,0.0,0.05555555555555555,0.05555555555555555,0.0,0.4146341463414634,22
CHO,2012,0.225922131147541,0.24931066176470587,0.3966875,0.07311320754716982,0.0984848484848485,0.2811875,0.20420258620689655,0.24746621621621623,0.4251875,0.28179166666666666,0.13592233009708737,0.15040650406504064,0.7016249999999999,0.14583333333333331,0.209375,0.18680555555555556,0.13525390625,0.17291666666666666,0.42542294772745165,0.075,0.21052631578947367,0.275,0.2018698060941828,0.0,0.0,0.0,0.0,0.0,0.10606060606060606,30
CHO,2013,0.22449908925318762,0.2406045751633987,0.38772222222222225,0.08909853249475891,0.10732323232323232,0.20744444444444443,0.1954022988505747,0.23023023023023026,0.4138888888888889,0.27811111111111114,0.1402373247033441,0.15672990063233963,0.6229444444444445,0.1509259259259259,0.20092592592592592,0.1845679012345679,0.12586805555555555,0.19814814814814813,0.4190096076535875,0.07592592592592592,0.18518518518518517,0.2759259259259259,0.2046783625730994,0.0,0.0,0.0,0.0,0.0,0.25609756097560976,29
CHO,2014,0.24734811957569913,0.2556228373702422,0.4168823529411765,0.10987791342952277,0.12789661319073084,0.23670588235294118,0.20841784989858012,0.2363540010598834,0.44252941176470584,0.30756862745098035,0.14163335237007424,0.1606886657101865,0.6712941176470588,0.12156862745098038,0.221078431372549,0.18725490196078431,0.13970588235294118,0.18627450980392157,0.45771385351733107,0.06274509803921569,0.17750257997936017,0.26666666666666666,0.2232361088479713,0.0,0.0,0.0,0.0,0.0,0.524390243902439,16
CHO,2015,0.26374156219864997,0.28352076124567477,0.41952941176470593,0.12985571587125416,0.1550802139037433,0.3169411764705882,0.21754563894523327,0.25516693163751986,0.4424705882352941,0.31180392156862746,0.1467732724157624,0.16212338593974174,0.7644705882352941,0.14215686274509803,0.2372549019607843,0.2042483660130719,0.14384191176470587,0.17058823529411765,0.47107126923062237,0.07352941176470588,0.1805985552115583,0.27450980392156865,0.23887893107381455,0.0,0.0,0.058823529411764705,0.0,0.058823529411764705,0.4024390243902439,22
CHO,2016,0.2684426229508197,0.26815257352941174,0.4535625,0.1615566037735849,0.17897727272727273,0.3246875,0.20743534482758622,0.22212837837837837,0.49012500000000003,0.33945833333333336,0.15716019417475727,0.1681910569105691,0.7743125,0.134375,0.2578125,0.2152777777777778,0.14453125,0.20833333333333331,0.5172676611848879,0.07395833333333333,0.17653508771929824,0.26979166666666665,0.24999999999999997,0.0,0.0,0.0,0.0625,0.0,0.5853658536585366,9
CHO,2017,0.23224043715846998,0.23325163398692814,0.4543888888888889,0.12578616352201258,0.1464646464646465,0.2363333333333333,0.18821839080459768,0.19894894894894896,0.4874444444444445,0.33044444444444443,0.13754045307443363,0.14498644986449863,0.7330555555555556,0.14444444444444446,0.21990740740740738,0.19475308641975309,0.1332465277777778,0.17592592592592593,0.4978733673063807,0.06388888888888888,0.1539961013645224,0.24814814814814815,0.21483533394890736,0.0,0.0,0.0,0.0,0.0,0.43902439024390244,20
CHO,2018,0.23577627772420442,0.23659169550173012,0.44223529411764706,0.13540510543840178,0.1497326203208556,0.3264117647058824,0.186105476673428,0.20111287758346583,0.43829411764705883,0.3347058823529412,0.14448886350656767,0.16307986609277855,0.7302941176470588,0.14313725490196078,0.23480392156862745,0.20490196078431372,0.125,0.17647058823529413,0.4938957793622085,0.054901960784313725,0.1547987616099071,0.242156862745098,0.22014013361577314,0.0,0.0,0.0,0.0,0.0,0.43902439024390244,20
CHO,2019,0.25216972034715524,0.2595155709342561,0.4272941176470588,0.1553829078801332,0.18716577540106955,0.2614705882352941,0.19523326572008115,0.20694223635400108,0.48499999999999993,0.31658823529411767,0.13763563677898344,0.15016738402678143,0.6715882352941176,0.1264705882352941,0.2181372549019608,0.18790849673202614,0.14292279411764705,0.1784313725490196,0.47512435701335237,0.05980392156862745,0.15995872033023736,0.2588235294117647,0.2323610884797132,0.0,0.0,0.0,0.0,0.0,0.47560975609756095,17
CHO,2020,0.24795081967213117,0.2610294117647059,0.40875,0.18278301886792453,0.2116477272727273,0.2890625,0.17672413793103448,0.19397522522522523,0.451125,0.3117916666666667,0.12924757281553398,0.14583333333333331,0.7725,0.165625,0.2359375,0.21215277777777777,0.1533203125,0.2125,0.4695556833530293,0.06041666666666667,0.20614035087719296,0.2916666666666667,0.23130193905817173,0.0,0.0,0.0,0.0,0.0,0.35384615384615387,23
CHO,2021,0.3155737704918033,0.3122373949579832,0.4622857142857143,0.238544474393531,0.2624458874458874,0.28471428571428575,0.22352216748768475,0.22715572715572716,0.5182142857142857,0.3482380952380953,0.15603328710124825,0.1684088269454123,0.7489285714285714,0.16785714285714287,0.2648809523809524,0.23214285714285715,0.20758928571428573,0.2642857142857143,0.5149415780314918,0.07261904761904761,0.2456140350877193,0.29523809523809524,0.29263949347051843,0.0,0.0,0.0,0.0,0.0,0.4583333333333333,19
CHO,2022,0.31530054644808747,0.30147058823529416,0.4842666666666667,0.2238993710691824,0.24545454545454548,0.2908,0.2281609195402299,0.22312312312312313,0.5422666666666667,0.36373333333333335,0.141747572815534,0.15772357723577235,0.734,0.16666666666666666,0.24388888888888888,0.21814814814814815,0.19427083333333334,0.24666666666666667,0.527500781430315,0.07222222222222222,0.20116959064327483,0.3,0.2862419205909511,0.0,0.0,0.0,0.0,0.0,0.524390243902439,17
CHO,2023,0.3002588438308887,0.30011609907120745,0.4515789473684211,0.19563058589870905,0.23524720893141945,0.31589473684210523,0.2277676950998185,0.2278330962541489,0.49300000000000005,0.34101754385964916,0.1538068472151252,0.17201540436456994,0.7642631578947369,0.16228070175438594,0.25087719298245614,0.2213450292397661,0.18873355263157895,0.23157894736842102,0.5099905785118949,0.07456140350877194,0.2188365650969529,0.3140350877192983,0.2764251348593089,0.0,0.0,0.0,0.0,0.0,0.32926829268292684,27
CHO,2024,0.2843631778058008,0.28040158371040724,0.44353846153846155,0.19738751814223515,0.22902097902097904,0.286,0.20855437665782495,0.2072072072072072,0.49076923076923074,0.33771794871794875,0.1303211351755041,0.1369606003752345,0.7773846153846153,0.14487179487179486,0.22275641025641024,0.19615384615384615,0.19110576923076922,0.2205128205128205,0.501198278978979,0.06666666666666667,0.2078272604588394,0.2673076923076923,0.25761772853185594,0.0,0.0,0.0,0.0,0.0,0.25609756097560976,27
CHO,2025,0.27206809583858765,0.29015837104072395,0.4216923076923077,0.2097242380261248,0.24737762237762237,0.29307692307692307,0.1899867374005305,0.20824670824670827,0.46846153846153843,0.32353846153846155,0.1407766990291262,0.15040650406504064,0.7431923076923077,0.17628205128205127,0.23301282051282052,0.21367521367521367,0.18659855769230768,0.24871794871794872,0.4814334877568284,0.06987179487179486,0.2564102564102564,0.29935897435897435,0.25474110377157466,0.0,0.0,0.0,0.0,0.0,0.23170731707317074,28
CLE,2005,0.23169398907103828,0.23946078431372547,0.4124666666666667,0.05786163522012579,0.07373737373737374,0.19266666666666665,0.21839080459770116,0.24984984984984984,0.4322,0.2876,0.14886731391585759,0.16693766937669377,0.6375333333333334,0.18333333333333332,0.19277777777777777,0.19074074074074074,0.13854166666666667,0.21777777777777776,0.4329519759314279,0.08,0.18245614035087718,0.3277777777777777,0.20646352723915048,0.0,0.0,0.0,0.0,0.0,0.5121951219512195,18
CLE,2006,0.25191256830601094,0.2531862745098039,0.4233333333333333,0.09559748427672957,0.11363636363636363,0.21446666666666667,0.22241379310344828,0.24234234234234234,0.44666666666666666,0.30595555555555554,0.17605177993527507,0.2032520325203252,0.6994666666666667,0.16444444444444445,0.21777777777777776,0.19925925925925927,0.12864583333333332,0.21777777777777776,0.46401906990645536,0.06666666666666667,0.21637426900584794,0.33444444444444443,0.23453370267774698,0.0,0.0,0.06666666666666667,0.06666666666666667,0.06666666666666667,0.6097560975609756,6
CLE,2007,0.2616645649432535,0.2669683257918552,0.42438461538461536,0.11611030478955008,0.12878787878787878,0.2637692307692308,0.22347480106100798,0.2501732501732502,0.44253846153846155,0.317948717948718,0.15384615384615385,0.18449030644152595,0.6948461538461538,0.18333333333333332,0.22243589743589742,0.2076923076923077,0.14362980769230768,0.23076923076923078,0.47520596438553786,0.06025641025641026,0.21187584345479082,0.3243589743589744,0.2382271468144044,0.0,0.0,0.07692307692307693,0.0,0.07692307692307693,0.6097560975609756,7
CLE,2008,0.2497842968075928,0.2635448916408669,0.40857894736842104,0.1112214498510427,0.12480063795853269,0.20221052631578948,0.21143375680580764,0.2484589853010906,0.41857894736842105,0.29824561403508776,0.1440981093510475,0.17415489944373128,0.6560526315789473,0.2070175438596491,0.23903508771929827,0.22865497076023394,0.13363486842105263,0.22807017543859648,0.4403076692734078,0.08947368421052632,0.20867959372114497,0.33596491228070174,0.22598046362443505,0.0,0.0,0.05263157894736842,0.05263157894736842,0.05263157894736842,0.5487804878048781,13
CLE,2009,0.25526932084309134,0.2457983193277311,0.45635714285714285,0.11590296495956874,0.12175324675324675,0.2492142857142857,0.2136699507389163,0.22844272844272845,0.4697857142857143,0.32976190476190476,0.14840499306518723,0.16550522648083624,0.6994285714285714,0.17142857142857143,0.23511904761904762,0.21428571428571427,0.12890625,0.20714285714285713,0.49040886405836737,0.08214285714285714,0.17794486215538846,0.3142857142857142,0.23248911753066875,0.0,0.0,0.07142857142857142,0.0,0.07142857142857142,0.8048780487804879,1
CLE,2010,0.29672131147540987,0.2769607843137255,0.46906666666666663,0.12830188679245283,0.14191919191919192,0.27573333333333333,0.2540229885057471,0.2555555555555556,0.5045333333333334,0.3440888888888889,0.17022653721682846,0.2037940379403794,0.7094,0.15,0.2544444444444445,0.2192592592592593,0.15781249999999997,0.2111111111111111,0.5087496600693857,0.07666666666666666,0.21286549707602337,0.31555555555555553,0.26777469990766384,0.06666666666666667,0.0,0.06666666666666667,0.13333333333333333,0.13333333333333333,0.7439024390243902,1
CLE,2011,0.2627264883520276,0.2753482972136223,0.428421052631579,0.11618669314796426,0.13955342902711326,0.21694736842105264,0.2236842105263158,0.2546230440967283,0.4537894736842105,0.3100701754385965,0.1532958610117527,0.17329910141206675,0.7466315789473684,0.17368421052631577,0.2293859649122807,0.21023391812865497,0.15049342105263158,0.21403508771929824,0.4682642449480408,0.07280701754385965,0.21975992613111725,0.33421052631578946,0.23764397142440588,0.0,0.0,0.0,0.05263157894736842,0.0,0.23170731707317074,29
CLE,2012,0.22482435597189696,0.24457282913165268,0.4034285714285714,0.10601976639712489,0.12337662337662338,0.25061904761904763,0.18760262725779966,0.22694122694122698,0.4116190476190476,0.29479365079365083,0.12713823393435042,0.15331010452961671,0.559,0.17142857142857143,0.2119047619047619,0.1978835978835979,0.13802083333333334,0.21587301587301586,0.439046094214597,0.052380952380952375,0.22222222222222218,0.3047619047619048,0.20340324495449147,0.0,0.0,0.0,0.0,0.0,0.3181818181818182,27
CLE,2013,0.25323554788610875,0.26644736842105265,0.4076315789473684,0.1012909632571996,0.12320574162679425,0.19089473684210526,0.22005444646098005,0.2534376481744903,0.4341052631578947,0.2949473684210526,0.13847726111394992,0.15447154471544713,0.7198947368421053,0.18333333333333335,0.20833333333333334,0.19912280701754387,0.14884868421052633,0.23333333333333334,0.44356361331033195,0.056140350877192984,0.20683287165281625,0.3043859649122807,0.2258346697769354,0.0,0.0,0.0,0.0,0.0,0.2926829268292683,28
CLE,2014,0.2385677308024159,0.24903250773993807,0.42047368421052633,0.11817279046673287,0.12480063795853272,0.2694736842105263,0.19782214156079855,0.23138928402086298,0.4307368421052632,0.3120701754385965,0.12212570260602963,0.13692768506632433,0.6624736842105263,0.1631578947368421,0.21842105263157896,0.19999999999999998,0.11924342105263158,0.21052631578947367,0.4651873515292804,0.0543859649122807,0.19021237303785782,0.2710526315789473,0.21402536812946496,0.0,0.0,0.0,0.05263157894736842,0.0,0.4024390243902439,22
CLE,2015,0.24158757549611737,0.24090557275541796,0.4230526315789474,0.141012909632572,0.16148325358851676,0.214,0.18920145190562615,0.19890943575154102,0.45336842105263164,0.31870175438596493,0.12365866121614716,0.14035087719298245,0.6977894736842105,0.14912280701754385,0.21447368421052632,0.19239766081871346,0.13363486842105263,0.21403508771929824,0.46901890796752627,0.05701754385964912,0.19575253924284394,0.2710526315789473,0.21941974048695145,0.0,0.0,0.10526315789473684,0.05263157894736842,0.10526315789473684,0.6463414634146342,7
CLE,2016,0.2858606557377049,0.28515625,0.445125,0.1851415094339623,0.19744318181818182,0.3245625,0.21821120689655174,0.2311373873873874,0.47962499999999997,0.34049999999999997,0.12439320388349513,0.13821138211382114,0.7060625,0.140625,0.24322916666666666,0.20798611111111112,0.15380859375,0.20208333333333334,0.4998142441083242,0.07083333333333333,0.18421052631578946,0.3416666666666667,0.2560595567867036,0.0,0.0,0.0625,0.0625,0.125,0.6951219512195121,3
CLE,2017,0.2653149266609146,0.25580495356037153,0.4598421052631579,0.19662363455809334,0.2109250398724083,0.30336842105263156,0.191016333938294,0.18800379326695116,0.5052105263157894,0.3563508771929825,0.13592233009708737,0.1561831407787762,0.7074736842105264,0.14912280701754385,0.2425438596491228,0.21198830409356725,0.13774671052631576,0.1614035087719298,0.5244877217560538,0.10350877192982455,0.19852262234533702,0.2771929824561403,0.2471205715118822,0.0,0.0,0.05263157894736842,0.05263157894736842,0.05263157894736842,0.6219512195121951,5
CLE,2018,0.273224043715847,0.2640056022408964,0.468952380952381,0.17340521114106022,0.19660894660894662,0.2876190476190476,0.20730706075533664,0.20677820677820677,0.521,0.3548253968253968,0.15210355987055016,0.16415021293070073,0.7606666666666667,0.12301587301587302,0.22103174603174602,0.18835978835978837,0.14992559523809523,0.21428571428571427,0.5260663073127541,0.052380952380952375,0.19883040935672514,0.2706349206349207,0.25300092336103414,0.0,0.0,0.09523809523809523,0.047619047619047616,0.09523809523809523,0.6097560975609756,6
CLE,2019,0.24852459016393444,0.2580882352941176,0.42036,0.17433962264150946,0.19636363636363638,0.31816,0.18137931034482757,0.1998198198198198,0.45311999999999997,0.32597333333333334,0.1316504854368932,0.1378861788617886,0.76764,0.13799999999999998,0.22633333333333333,0.19711111111111113,0.136875,0.204,0.4886321248438073,0.034666666666666665,0.1887719298245614,0.298,0.230803324099723,0.0,0.0,0.0,0.0,0.0,0.23170731707317074,28
CLE,2020,0.30276639344262296,0.290670955882353,0.474625,0.18278301886792453,0.21117424242424243,0.3134375,0.23599137931034483,0.23141891891891894,0.5443125,0.355875,0.1341019417475728,0.15548780487804875,0.6576875,0.17708333333333334,0.26979166666666665,0.23854166666666668,0.15673828125,0.22083333333333333,0.5166264782144376,0.06458333333333333,0.2598684210526316,0.29375,0.26869806094182824,0.0,0.0,0.0,0.0,0.0,0.2923076923076923,28
CLE,2021,0.2599043715846995,0.2666973039215686,0.425125,0.1509433962264151,0.1865530303030303,0.2710416666666667,0.20402298850574715,0.21565315315315314,0.4887083333333333,0.3195,0.12378640776699029,0.14600271002710025,0.6936249999999999,0.16805555555555554,0.25381944444444443,0.2252314814814815,0.16373697916666666,0.23194444444444443,0.47270188386481876,0.07638888888888888,0.21637426900584797,0.26875,0.23280240073868882,0.0,0.0,0.0,0.08333333333333333,0.0,0.3055555555555556,26
CLE,2022,0.2503415300546448,0.2423406862745098,0.46208333333333335,0.1509433962264151,0.18244949494949494,0.23904166666666668,0.19468390804597702,0.18806306306306309,0.543625,0.3468611111111111,0.12864077669902912,0.1443089430894309,0.6569583333333333,0.1326388888888889,0.21284722222222222,0.1863425925925926,0.15657552083333334,0.1847222222222222,0.5069655344708122,0.05277777777777778,0.18786549707602337,0.23680555555555557,0.22876269621421974,0.0,0.0,0.0,0.0,0.0,0.5365853658536586,15
CLE,2023,0.27434908389585344,0.257136678200692,0.47576470588235287,0.19644839067702552,0.21880570409982175,0.33758823529411763,0.19878296146044624,0.18494965553789083,0.5834705882352942,0.368,0.12849800114220444,0.13629842180774748,0.8260588235294117,0.1284313725490196,0.2230392156862745,0.1915032679738562,0.15716911764705882,0.21372549019607842,0.5399341163410162,0.06470588235294117,0.17647058823529413,0.2754901960784314,0.2514257780674597,0.0,0.0,0.0,0.0,0.0,0.6219512195121951,5
CLE,2024,0.28736740597878496,0.2711937716262976,0.4761176470588235,0.21198668146503885,0.23529411764705882,0.2902352941176471,0.20385395537525355,0.19263381028086912,0.5408235294117647,0.36568627450980395,0.12164477441462021,0.13534194165471067,0.6293529411764706,0.14019607843137255,0.2284313725490196,0.19869281045751633,0.18658088235294118,0.19999999999999998,0.5255962771395198,0.06372549019607843,0.19504643962848298,0.25,0.2600619195046439,0.0,0.0,0.058823529411764705,0.058823529411764705,0.058823529411764705,0.5853658536585366,11
CLE,2025,0.26516393442622954,0.2534926470588236,0.44320000000000004,0.22924528301886796,0.25303030303030305,0.30285,0.1728448275862069,0.15945945945945947,0.5663,0.35133333333333333,0.11650485436893203,0.12723577235772357,0.667,0.14916666666666667,0.21916666666666668,0.195,0.156640625,0.18833333333333332,0.5069883248334971,0.05333333333333333,0.15614035087719297,0.24166666666666664,0.24529085872576176,0.0,0.0,0.0,0.05,0.0,0.7804878048780488,2
DAL,2005,0.2963430012610341,0.291289592760181,0.4513846153846154,0.10159651669085633,0.11363636363636366,0.2283076923076923,0.2645888594164456,0.2896742896742897,0.47084615384615386,0.31969230769230766,0.20836445108289767,0.22326454033771106,0.7642307692307693,0.19743589743589746,0.24871794871794872,0.23076923076923078,0.14423076923076922,0.2717948717948718,0.4887022470759244,0.08846153846153845,0.21457489878542507,0.3679487179487179,0.2744513104623908,0.0,0.0,0.0,0.0,0.0,0.7073170731707317,4
DAL,2006,0.23668032786885249,0.2375919117647059,0.4204375,0.07075471698113207,0.0771780303030303,0.212625,0.2165948275862069,0.2454954954954955,0.43543750000000003,0.29229166666666667,0.1953883495145631,0.22205284552845528,0.721125,0.165625,0.23645833333333333,0.21284722222222222,0.12060546874999999,0.22083333333333333,0.47159295921434374,0.08333333333333333,0.2149122807017544,0.3125,0.2259349030470914,0.0,0.0,0.0625,0.0625,0.0625,0.7317073170731707,3
DAL,2007,0.23879781420765028,0.23333333333333334,0.44893333333333335,0.09685534591194969,0.10303030303030303,0.25666666666666665,0.20804597701149424,0.22402402402402405,0.4658,0.32155555555555554,0.1540453074433657,0.16422764227642275,0.7454666666666667,0.15333333333333332,0.20500000000000002,0.18851851851851853,0.12083333333333333,0.18444444444444444,0.48077298959740516,0.06222222222222222,0.19064327485380117,0.3188888888888889,0.21994459833795013,0.0,0.0,0.06666666666666667,0.0,0.06666666666666667,0.8170731707317073,1
DAL,2008,0.23224043715846998,0.22794117647058826,0.4479444444444445,0.09224318658280922,0.10606060606060606,0.2521111111111111,0.2021072796934866,0.21646646646646647,0.4688333333333333,0.3224074074074074,0.14563106796116504,0.15176151761517614,0.7297777777777777,0.1388888888888889,0.21250000000000002,0.18796296296296297,0.1540798611111111,0.17592592592592593,0.4819841515317451,0.06296296296296296,0.18226120857699804,0.32407407407407407,0.2123730378578024,0.05555555555555555,0.0,0.05555555555555555,0.1111111111111111,0.05555555555555555,0.6219512195121951,10
DAL,2009,0.24743852459016394,0.25,0.430625,0.10259433962264151,0.1268939393939394,0.2121875,0.21336206896551724,0.23001126126126126,0.4685625,0.30925,0.1407766990291262,0.14583333333333331,0.7874375,0.1625,0.2125,0.19618055555555555,0.12255859374999999,0.19375,0.4650490688821825,0.078125,0.1732456140350877,0.2833333333333333,0.2219529085872576,0.0,0.0,0.0625,0.0,0.0625,0.6097560975609756,9
DAL,2010,0.27627772420443586,0.26903114186851207,0.45576470588235296,0.10321864594894561,0.1180926916221034,0.2783529411764706,0.24290060851926978,0.2594064652888182,0.48517647058823526,0.3311764705882353,0.15819531696173614,0.16929698708751792,0.7628823529411765,0.1803921568627451,0.2431372549019608,0.22254901960784315,0.13602941176470584,0.22941176470588234,0.49233297866434556,0.0892156862745098,0.18885448916408668,0.3205882352941177,0.24718918038129378,0.0,0.0,0.058823529411764705,0.0,0.058823529411764705,0.6707317073170732,4
DAL,2011,0.2550626808100289,0.24589100346020765,0.45888235294117646,0.1331853496115427,0.14349376114081996,0.2802352941176471,0.2079107505070994,0.21542130365659778,0.46082352941176474,0.3449803921568627,0.13478012564249,0.14634146341463414,0.7813529411764706,0.12941176470588234,0.21127450980392157,0.18366013071895426,0.14016544117647056,0.20196078431372547,0.5103384981089318,0.061764705882352944,0.18988648090815272,0.28823529411764703,0.22942805931236762,0.0,0.0,0.058823529411764705,0.11764705882352941,0.058823529411764705,0.6951219512195121,4
DAL,2012,0.23258196721311478,0.2348345588235294,0.4486875,0.107311320754717,0.12926136363636365,0.22575,0.1945043103448276,0.21002252252252254,0.496875,0.32616666666666666,0.11650485436893203,0.12703252032520324,0.7103125,0.13645833333333332,0.20781249999999998,0.18368055555555557,0.1298828125,0.22708333333333333,0.48163280035237815,0.07291666666666666,0.20394736842105263,0.25625,0.2056786703601108,0.0,0.0,0.0625,0.0,0.0625,0.5454545454545454,13
DAL,2013,0.24499089253187614,0.24407679738562094,0.43633333333333335,0.1079664570230608,0.1207912457912458,0.22083333333333333,0.2078544061302682,0.227977977977978,0.4625555555555556,0.31662962962962965,0.12998921251348436,0.14408310749774164,0.7413333333333333,0.12314814814814816,0.21481481481481482,0.18425925925925923,0.14583333333333334,0.20185185185185184,0.4797088108148713,0.07037037037037036,0.19980506822612085,0.31666666666666665,0.2188365650969529,0.0,0.0,0.05555555555555555,0.05555555555555555,0.05555555555555555,0.5,17
DAL,2014,0.27994955863808324,0.26611990950226244,0.46576923076923077,0.14368650217706824,0.14918414918414918,0.2736153846153846,0.22944297082228118,0.23631323631323634,0.4920769230769231,0.3441025641025641,0.14115011202389843,0.14946841776110067,0.7682307692307693,0.14615384615384613,0.21666666666666667,0.1935897435897436,0.17067307692307693,0.25384615384615383,0.5102744131651461,0.06025641025641025,0.20647773279352227,0.2935897435897436,0.2501598124866823,0.0,0.0,0.0,0.0,0.0,0.5975609756097561,10
DAL,2015,0.2550091074681239,0.24468954248366012,0.4783333333333333,0.1268343815513627,0.1447811447811448,0.24616666666666667,0.210727969348659,0.21371371371371373,0.5111111111111111,0.35074074074074074,0.1256742179072276,0.13956639566395662,0.738111111111111,0.1527777777777778,0.20694444444444446,0.1882716049382716,0.1388888888888889,0.2111111111111111,0.5210959870187303,0.0685185185185185,0.17738791423001948,0.28611111111111115,0.22745460141582022,0.0,0.0,0.05555555555555555,0.0,0.0,0.6097560975609756,10
DAL,2016,0.2520491803278689,0.24816176470588236,0.4739375,0.13797169811320756,0.16240530303030304,0.2220625,0.20204741379310345,0.2080518018018018,0.5283125,0.3448333333333333,0.13713592233009708,0.14786585365853658,0.76875,0.14583333333333331,0.2421875,0.209375,0.13232421875,0.17708333333333331,0.5150002292679009,0.06145833333333333,0.17763157894736842,0.2760416666666667,0.230090027700831,0.0,0.0,0.0,0.0,0.0,0.5121951219512195,14
DAL,2017,0.22808267997148968,0.23753196930946294,0.42339130434782607,0.14602132895816244,0.1712779973649539,0.2787391304347826,0.17316341829085458,0.18938503721112415,0.47095652173913044,0.31817391304347825,0.11017306880540312,0.12195121951219512,0.6966521739130435,0.1289855072463768,0.21086956521739128,0.18309178743961355,0.1402853260869565,0.19855072463768114,0.4715826533018578,0.04855072463768116,0.16781083142639205,0.27318840579710146,0.2061905335420932,0.0,0.0,0.0,0.0,0.0,0.4024390243902439,22
DAL,2018,0.23145979703356756,0.23897058823529413,0.42252380952380947,0.16082659478885897,0.18362193362193363,0.25533333333333336,0.16954022988505746,0.18382668382668385,0.44552380952380954,0.3188888888888889,0.11095700416088765,0.12969415408439797,0.7164761904761905,0.12301587301587302,0.2126984126984127,0.18333333333333335,0.12351190476190477,0.18888888888888888,0.4822331051442187,0.04841269841269841,0.16040100250626566,0.2785714285714286,0.21184540298113705,0.0,0.0,0.0,0.0,0.0,0.2926829268292683,28
DAL,2019,0.2700819672131148,0.2775735294117647,0.42445000000000005,0.2066037735849057,0.24053030303030304,0.30985,0.19008620689655173,0.19774774774774775,0.48865,0.33013333333333333,0.14805825242718446,0.17073170731707316,0.72385,0.12583333333333332,0.23291666666666666,0.19583333333333333,0.15546875,0.19833333333333333,0.4948867010252337,0.05,0.2043859649122807,0.27,0.2549861495844875,0.0,0.0,0.0,0.0,0.0,0.4024390243902439,22
DAL,2020,0.2782331511839709,0.26960784313725494,0.46166666666666667,0.22431865828092246,0.24326599326599327,0.3015,0.19013409961685823,0.1856856856856857,0.5164444444444444,0.35577777777777775,0.14131607335490828,0.15040650406504064,0.8067777777777778,0.14166666666666666,0.2513888888888889,0.21481481481481482,0.16189236111111108,0.17777777777777776,0.5248671309287196,0.06574074074074074,0.17641325536062377,0.2851851851851852,0.260233918128655,0.0,0.0,0.0,0.0,0.0,0.5733333333333334,12
DAL,2021,0.26277724204435876,0.2538927335640139,0.4542941176470588,0.20199778024417311,0.22816399286987527,0.2783529411764706,0.1845841784989858,0.1746157922628511,0.5328823529411766,0.3467843137254902,0.12164477441462021,0.13199426111908177,0.7512941176470589,0.13039215686274508,0.23872549019607844,0.2022875816993464,0.13556985294117646,0.17647058823529413,0.5089324258828788,0.061764705882352944,0.1568627450980392,0.2735294117647059,0.24164901417630766,0.0,0.0,0.058823529411764705,0.0,0.058823529411764705,0.5833333333333334,8
DAL,2022,0.23521026372059872,0.23960997442455245,0.42134782608695653,0.1730926989335521,0.21739130434782608,0.2826086956521739,0.1679160419790105,0.16470818644731688,0.5171304347826087,0.32284057971014496,0.12157028281975515,0.13008130081300812,0.7203478260869566,0.10289855072463769,0.2021739130434783,0.1683574879227053,0.14232336956521738,0.16521739130434782,0.4809714513259575,0.05072463768115942,0.15026697177726925,0.23695652173913045,0.219077441888474,0.0,0.0,0.043478260869565216,0.0,0.043478260869565216,0.6341463414634146,5
DAL,2023,0.2697111631537861,0.25840336134453784,0.45504761904761903,0.23809523809523808,0.26334776334776333,0.3372380952380952,0.1748768472906404,0.16023166023166024,0.5432380952380952,0.36523809523809525,0.14285714285714285,0.15524583817266743,0.6791904761904762,0.0984126984126984,0.2027777777777778,0.167989417989418,0.15438988095238096,0.17936507936507937,0.5307772709680654,0.051587301587301584,0.16541353383458646,0.28968253968253965,0.25788154597018864,0.0,0.0,0.047619047619047616,0.0,0.047619047619047616,0.4634146341463415,21
DAL,2024,0.26043219076005963,0.2401403743315508,0.4894090909090909,0.18610634648370497,0.20798898071625346,0.289,0.19043887147335425,0.17035217035217035,0.5605909090909091,0.36960606060606066,0.1116504854368932,0.12823355506282333,0.6567272727272727,0.1393939393939394,0.21174242424242423,0.18762626262626264,0.13920454545454544,0.18333333333333332,0.531726369171493,0.075,0.15869218500797447,0.23409090909090907,0.23470158650214049,0.0,0.0,0.0,0.0,0.0,0.6097560975609756,6
DAL,2025,0.32252316464718467,0.2923593350383632,0.5137391304347826,0.184577522559475,0.20915678524374176,0.27804347826086956,0.25487256371814093,0.2344300822561692,0.5636521739130435,0.37773913043478263,0.15871675812579147,0.17391304347826084,0.7233913043478261,0.1673913043478261,0.28007246376811595,0.242512077294686,0.17730978260869565,0.23768115942028986,0.5505139342852314,0.09492753623188405,0.2120518688024409,0.28405797101449276,0.28941346501264603,0.0,0.0,0.0,0.043478260869565216,0.043478260869565216,0.47560975609756095,19
DEN,2005,0.27704918032786885,0.2735294117647059,0.4498,0.08427672955974844,0.09595959595959597,0.23193333333333335,0.2540229885057471,0.2774774774774775,0.47373333333333334,0.32368888888888886,0.17540453074433654,0.19945799457994579,0.7010666666666666,0.17444444444444446,0.23277777777777778,0.21333333333333335,0.15625,0.2688888888888889,0.4865979890792771,0.08888888888888888,0.21871345029239767,0.3466666666666667,0.2500461680517082,0.0,0.0,0.0,0.0,0.0,0.5975609756097561,9
DEN,2006,0.2978142076502733,0.29093137254901963,0.45066666666666666,0.08679245283018869,0.10707070707070708,0.24313333333333334,0.2735632183908046,0.2930930930930931,0.4814666666666667,0.3234222222222222,0.18511326860841423,0.2173441734417344,0.7008666666666666,0.18222222222222223,0.25555555555555554,0.23148148148148145,0.171875,0.28,0.4861606404488368,0.08888888888888888,0.24912280701754386,0.3777777777777778,0.266112650046168,0.0,0.0,0.06666666666666667,0.06666666666666667,0.0,0.5365853658536586,11
DEN,2007,0.2941712204007286,0.28717320261437906,0.46316666666666667,0.09329140461215933,0.11784511784511784,0.163,0.26772030651340994,0.2822822822822823,0.5018888888888888,0.32781481481481484,0.1941747572815534,0.23215898825654924,0.6753888888888889,0.19166666666666665,0.25046296296296294,0.2308641975308642,0.21397569444444442,0.2537037037037037,0.4864997084982764,0.07222222222222222,0.3050682261208577,0.36203703703703705,0.2674669128962758,0.0,0.0,0.05555555555555555,0.05555555555555555,0.1111111111111111,0.5487804878048781,10
DEN,2008,0.2644808743169399,0.25514705882352945,0.4894,0.11069182389937107,0.12424242424242425,0.27053333333333335,0.2281609195402299,0.23933933933933935,0.5234,0.3555111111111111,0.17540453074433654,0.20216802168021678,0.6872666666666666,0.16555555555555557,0.235,0.2111111111111111,0.15364583333333334,0.2511111111111111,0.5087283775897826,0.09777777777777778,0.2175438596491228,0.33555555555555555,0.24469067405355494,0.0,0.06666666666666667,0.06666666666666667,0.06666666666666667,0.06666666666666667,0.6097560975609756,11
DEN,2009,0.2851288056206089,0.27468487394957986,0.4685714285714286,0.1091644204851752,0.12283549783549784,0.28485714285714286,0.25123152709359603,0.2635135135135135,0.4937142857142857,0.334,0.21983356449375865,0.24564459930313584,0.6774285714285714,0.16904761904761906,0.22916666666666669,0.2091269841269841,0.18582589285714285,0.26666666666666666,0.5043205278909338,0.09285714285714286,0.25939849624060146,0.34880952380952385,0.2724574594380688,0.0,0.0,0.07142857142857142,0.07142857142857142,0.0,0.6585365853658537,5
DEN,2010,0.2868852459016394,0.2763009049773756,0.46799999999999997,0.10740203193033383,0.12412587412587414,0.2116153846153846,0.2519893899204244,0.26403326403326405,0.5072307692307693,0.3313333333333333,0.20537714712471994,0.22451532207629768,0.7233076923076923,0.1705128205128205,0.24551282051282053,0.22136752136752136,0.15204326923076922,0.26666666666666666,0.4953297233540201,0.07948717948717948,0.2253711201079622,0.3641025641025641,0.2674195610483699,0.0,0.0,0.07692307692307693,0.07692307692307693,0.15384615384615385,0.6463414634146342,7
DEN,2011,0.27480586712683347,0.26373839009287925,0.47884210526315796,0.1290963257199603,0.13516746411483255,0.2424736842105263,0.22912885662431945,0.24371740161213845,0.4938421052631579,0.3446315789473684,0.20235053653551355,0.22250748823277705,0.743578947368421,0.14736842105263157,0.24868421052631576,0.21461988304093566,0.1533717105263158,0.2263157894736842,0.5212065216785774,0.07456140350877194,0.22160664819944598,0.32719298245614037,0.26286630704184283,0.0,0.0,0.10526315789473684,0.10526315789473684,0.05263157894736842,0.6097560975609756,9
DEN,2012,0.28736740597878496,0.26686851211072665,0.5148235294117648,0.09988901220865705,0.12121212121212122,0.1778235294117647,0.25709939148073024,0.25516693163751986,0.5534705882352942,0.3632941176470588,0.16219303255282694,0.18938307030129123,0.6434705882352941,0.17254901960784313,0.2568627450980392,0.22875816993464052,0.1534926470588235,0.24117647058823527,0.5330799520823772,0.09313725490196079,0.24148606811145507,0.3,0.25435880723480525,0.0,0.0,0.0,0.058823529411764705,0.0,0.5757575757575758,11
DEN,2013,0.2851288056206089,0.26733193277310924,0.5222857142857144,0.1078167115902965,0.12283549783549784,0.27199999999999996,0.25061576354679804,0.2541827541827542,0.5480714285714285,0.3689047619047619,0.1539528432732316,0.1840882694541231,0.6938571428571428,0.19166666666666665,0.2261904761904762,0.21468253968253967,0.15625,0.2642857142857143,0.5377606334891346,0.08809523809523809,0.22431077694235588,0.3071428571428571,0.25286901464186784,0.0,0.0,0.0,0.07142857142857142,0.0,0.6951219512195121,4
DEN,2014,0.2868852459016394,0.2913602941176471,0.439875,0.14504716981132076,0.16145833333333334,0.26275,0.2349137931034483,0.2606981981981982,0.462625,0.32337499999999997,0.15594660194174756,0.17936991869918698,0.7508125,0.1875,0.24010416666666665,0.22256944444444443,0.16552734375,0.23958333333333331,0.48110880340121465,0.09166666666666666,0.2532894736842105,0.3666666666666667,0.2591759002770083,0.0,0.0,0.0625,0.0625,0.0,0.43902439024390244,20
DEN,2015,0.2632058287795993,0.2712418300653595,0.43127777777777776,0.1289308176100629,0.16161616161616163,0.24622222222222223,0.21743295019157088,0.23673673673673676,0.4691666666666667,0.31492592592592594,0.14455231930960086,0.16395663956639564,0.7313333333333333,0.17222222222222222,0.22685185185185183,0.2080246913580247,0.13758680555555552,0.21666666666666667,0.47321729512115174,0.07037037037037036,0.20955165692007796,0.337037037037037,0.237149892274546,0.0,0.0,0.0,0.0,0.0,0.36585365853658536,24
DEN,2016,0.2550091074681239,0.26205065359477125,0.4290555555555555,0.1310272536687631,0.15824915824915825,0.2980555555555556,0.20881226053639848,0.22697697697697697,0.4916111111111111,0.3232592592592593,0.15587918015102478,0.17479674796747965,0.7124999999999999,0.15648148148148147,0.22731481481481483,0.2037037037037037,0.15321180555555555,0.21666666666666667,0.4851295454132784,0.07314814814814814,0.21539961013645223,0.31574074074074077,0.2360726377346876,0.0,0.0,0.0,0.0,0.0,0.4024390243902439,21
DEN,2017,0.27772420443587276,0.2653546712802768,0.4514705882352941,0.1598224195338513,0.17245989304812837,0.3014705882352941,0.21906693711967548,0.22231054583995763,0.47900000000000004,0.3427058823529412,0.1513420902341519,0.16642754662840745,0.773,0.17352941176470588,0.24754901960784312,0.22320261437908498,0.16130514705882354,0.1941176470588235,0.5118759570572473,0.05980392156862745,0.21775025799793601,0.27941176470588236,0.2545217532996578,0.0,0.0,0.0,0.0,0.0,0.4878048780487805,18
DEN,2018,0.26952748312439734,0.2577854671280277,0.4728235294117647,0.16870144284128746,0.18894830659536543,0.28752941176470587,0.20537525354969577,0.20296767355590886,0.5428235294117647,0.3545098039215686,0.13649343232438604,0.15016738402678143,0.7497058823529411,0.15294117647058825,0.22549019607843135,0.20130718954248367,0.16406249999999997,0.22156862745098038,0.5203273099970058,0.06568627450980392,0.20536635706914344,0.2696078431372549,0.2458856118624735,0.0,0.0,0.0,0.0,0.0,0.5609756097560976,14
DEN,2019,0.31967213114754095,0.31900452488687786,0.44561538461538464,0.2060957910014514,0.24300699300699302,0.33338461538461533,0.24137931034482757,0.24601524601524602,0.47807692307692307,0.34471794871794875,0.14339058999253174,0.1601000625390869,0.690076923076923,0.1717948717948718,0.2570512820512821,0.22820512820512823,0.19591346153846154,0.23333333333333334,0.5040132691759764,0.06923076923076922,0.21997300944669365,0.3153846153846154,0.28808864265927975,0.0,0.0,0.0,0.0,0.0,0.6585365853658537,4
DEN,2020,0.26183970856102,0.25449346405228757,0.45333333333333337,0.1719077568134172,0.19191919191919193,0.32511111111111113,0.1977969348659004,0.1981981981981982,0.48838888888888893,0.34737037037037033,0.1272923408845739,0.13414634146341464,0.7361111111111112,0.14444444444444446,0.22083333333333333,0.19506172839506172,0.14930555555555555,0.23333333333333334,0.5223567646508545,0.06666666666666667,0.1861598440545809,0.27685185185185185,0.23822714681440443,0.0,0.0,0.05555555555555555,0.0,0.05555555555555555,0.6301369863013698,6
DEN,2021,0.27049180327868855,0.25533088235294116,0.45445,0.1877358490566038,0.20416666666666666,0.30985,0.1995689655172414,0.1918918918918919,0.5257,0.3486666666666667,0.1116504854368932,0.12032520325203251,0.75765,0.13833333333333334,0.21958333333333332,0.1925,0.151953125,0.21999999999999997,0.5111931223696831,0.06416666666666666,0.17368421052631577,0.27749999999999997,0.2412742382271468,0.0,0.0,0.05,0.0,0.05,0.6527777777777778,5
DEN,2022,0.25884383088869717,0.24903250773993807,0.4653157894736842,0.19364448857994043,0.22248803827751198,0.36331578947368426,0.18557168784029038,0.17354196301564723,0.5046315789473684,0.3696842105263158,0.12263668880940214,0.1317928968763372,0.7486315789473684,0.12807017543859647,0.2364035087719298,0.20058479532163745,0.16077302631578946,0.19649122807017544,0.5413581114412672,0.04824561403508772,0.18559556786703602,0.2807017543859649,0.23866452835690333,0.05263157894736842,0.0,0.05263157894736842,0.0,0.05263157894736842,0.5853658536585366,10
DEN,2023,0.2936354869816779,0.2657871972318339,0.4903529411764706,0.1831298557158713,0.2005347593582888,0.39188235294117646,0.22363083164300204,0.20694223635400105,0.542470588235294,0.368,0.1307824100513992,0.14681970349115253,0.7214705882352942,0.1392156862745098,0.22941176470588234,0.19999999999999998,0.18290441176470587,0.19999999999999998,0.5322295593686183,0.06470588235294117,0.20536635706914344,0.2676470588235294,0.26234316441257943,0.058823529411764705,0.0,0.058823529411764705,0.0,0.058823529411764705,0.6463414634146342,4
DEN,2024,0.31778058007566207,0.28817873303167424,0.4841538461538462,0.19448476052249639,0.20979020979020976,0.3286923076923077,0.2446949602122016,0.22903672903672903,0.5465384615384615,0.3681025641025641,0.128454070201643,0.14446529080675422,0.7325384615384615,0.16153846153846152,0.2467948717948718,0.21837606837606838,0.20372596153846154,0.21538461538461537,0.5313001960139081,0.0846153846153846,0.18488529014844804,0.27692307692307694,0.2806307266141061,0.0,0.0,0.0,0.0,0.0,0.6951219512195121,2
DEN,2025,0.3081967213114754,0.2774509803921569,0.46953333333333336,0.19119496855345913,0.2090909090909091,0.3128,0.23735632183908048,0.21621621621621623,0.5548666666666667,0.35613333333333336,0.143042071197411,0.15555555555555553,0.7002,0.16999999999999998,0.2511111111111111,0.22296296296296297,0.20416666666666666,0.22888888888888886,0.5148108508914552,0.07222222222222222,0.20818713450292398,0.2622222222222222,0.27682363804247456,0.0,0.0,0.0,0.0,0.0,0.6097560975609756,6
DET,2005,0.2063645130183221,0.21777681660899653,0.39288235294117646,0.05771365149833518,0.07442067736185383,0.1864705882352941,0.19016227180527384,0.22310545839957605,0.4101764705882353,0.27698039215686276,0.1467732724157624,0.16594930655188903,0.7332352941176471,0.1568627450980392,0.19558823529411762,0.18333333333333335,0.125,0.17450980392156862,0.4347809597771582,0.07156862745098039,0.18163054695562433,0.2754901960784314,0.1895062734234968,0.0,0.0,0.0,0.0,0.0,0.6585365853658537,5
DET,2006,0.22082931533269046,0.22015570934256057,0.44282352941176467,0.09655937846836847,0.09937611408199644,0.24611764705882355,0.19016227180527384,0.20959194488606256,0.4615294117647059,0.31788235294117645,0.11650485436893204,0.13582018173122906,0.5810000000000001,0.15294117647058825,0.17401960784313728,0.16568627450980394,0.140625,0.17058823529411765,0.4664425646127269,0.0784313725490196,0.1609907120743034,0.2627450980392157,0.19732768453641844,0.0,0.058823529411764705,0.0,0.17647058823529413,0.058823529411764705,0.7804878048780488,1
DET,2007,0.2640515222482436,0.25840336134453784,0.45142857142857146,0.08490566037735849,0.10173160173160174,0.20692857142857143,0.23830049261083744,0.25675675675675674,0.47578571428571426,0.31876190476190475,0.16574202496532592,0.17828106852497094,0.7588571428571429,0.19404761904761905,0.225,0.21428571428571427,0.15234375,0.22380952380952382,0.48357296027283886,0.10119047619047619,0.19799498746867167,0.3261904761904762,0.2368421052631579,0.0,0.0,0.07142857142857142,0.14285714285714285,0.07142857142857142,0.6463414634146342,4
DET,2008,0.21994535519125685,0.21609477124183007,0.48383333333333334,0.08071278825995808,0.09006734006734007,0.1947777777777778,0.19588122605363986,0.21171171171171171,0.5081111111111112,0.34144444444444444,0.12513484358144553,0.14137308039747062,0.6812222222222223,0.15833333333333333,0.18055555555555555,0.1734567901234568,0.1332465277777778,0.17962962962962964,0.5012298283083445,0.07500000000000001,0.15886939571150097,0.2916666666666667,0.1963681132656202,0.0,0.0,0.05555555555555555,0.05555555555555555,0.05555555555555555,0.7195121951219512,2
DET,2009,0.3007566204287516,0.3037330316742082,0.462,0.09579100145137881,0.11188811188811189,0.22215384615384615,0.27254641909814326,0.3049203049203049,0.48084615384615387,0.3280512820512821,0.18894697535474234,0.20450281425891179,0.7434615384615385,0.18717948717948715,0.2621794871794872,0.2371794871794872,0.1953125,0.22820512820512823,0.4933256202157621,0.07692307692307693,0.21322537112010795,0.34615384615384615,0.270189644150863,0.0,0.0,0.07692307692307693,0.3076923076923077,0.0,0.47560975609756095,17
DET,2010,0.28044496487119436,0.2823004201680672,0.45271428571428574,0.0835579514824798,0.10551948051948053,0.21864285714285714,0.25738916256157635,0.2828185328185328,0.47785714285714287,0.32047619047619047,0.16574202496532592,0.18989547038327523,0.7037142857142857,0.19404761904761902,0.2107142857142857,0.20555555555555555,0.15178571428571427,0.2261904761904762,0.4758056594571122,0.05952380952380952,0.2155388471177945,0.3523809523809524,0.24812030075187969,0.0,0.0,0.0,0.0,0.0,0.32926829268292684,24
DET,2011,0.28247162673392184,0.2757352941176471,0.46176923076923077,0.09869375907111758,0.10547785547785549,0.29215384615384615,0.2506631299734748,0.27546777546777546,0.4729230769230769,0.3294871794871795,0.15160567587752055,0.17323327079424639,0.6776153846153845,0.17820512820512818,0.21153846153846154,0.19957264957264959,0.15264423076923078,0.22820512820512823,0.4883096696641524,0.06282051282051282,0.20377867746288797,0.3153846153846154,0.24866822927764756,0.0,0.0,0.0,0.07692307692307693,0.0,0.36585365853658536,24
DET,2012,0.24590163934426232,0.25656512605042014,0.4243571428571428,0.08625336927223719,0.10335497835497835,0.24500000000000002,0.2185960591133005,0.2528957528957529,0.44242857142857145,0.30123809523809525,0.14008321775312066,0.1527293844367015,0.7095,0.16071428571428573,0.20595238095238094,0.19087301587301586,0.12723214285714285,0.20714285714285713,0.4531800810668499,0.060714285714285714,0.22180451127819548,0.29047619047619044,0.2184408389394539,0.0,0.0,0.0,0.0,0.0,0.3787878787878788,22
DET,2013,0.26280737704918034,0.25965073529411764,0.4610625,0.1143867924528302,0.125,0.2994375,0.22359913793103448,0.24493243243243246,0.4825,0.3368333333333333,0.13470873786407767,0.16310975609756095,0.7045625,0.165625,0.21666666666666667,0.19965277777777776,0.15478515625,0.21041666666666667,0.4953298360903115,0.06979166666666667,0.21929824561403508,0.309375,0.23286011080332408,0.0,0.0,0.0,0.0625,0.0,0.35365853658536583,23
DET,2014,0.26697892271662765,0.27468487394957986,0.4217142857142857,0.1091644204851752,0.1423160173160173,0.2646428571428571,0.229064039408867,0.25064350064350066,0.46764285714285714,0.3138571428571429,0.13661581137309292,0.1678281068524971,0.7122857142857143,0.19047619047619047,0.21369047619047618,0.20833333333333331,0.14676339285714285,0.23095238095238096,0.4629403318589139,0.06666666666666667,0.21804511278195488,0.30238095238095236,0.23525920063316183,0.0,0.0,0.0,0.0,0.0,0.35365853658536583,23
DET,2015,0.25778688524590165,0.2775735294117647,0.40700000000000003,0.13679245283018868,0.1700757575757576,0.258,0.20775862068965517,0.23918918918918922,0.4575,0.3054,0.12184466019417475,0.14308943089430895,0.6663,0.15833333333333333,0.21375000000000002,0.19611111111111112,0.17773437499999997,0.21333333333333332,0.4515036056393763,0.06416666666666666,0.20526315789473687,0.2725,0.22867036011080333,0.0,0.0,0.0,0.0,0.0,0.3902439024390244,23
DET,2016,0.2560270009643202,0.26686851211072665,0.4278823529411765,0.16204217536071033,0.18315508021390375,0.3059411764705882,0.19574036511156187,0.21807101218865926,0.43523529411764705,0.3312941176470588,0.1422044545973729,0.17120994739359155,0.7397058823529411,0.15000000000000002,0.22549019607843138,0.20065359477124184,0.13143382352941177,0.18235294117647058,0.494273152580917,0.047058823529411764,0.17956656346749225,0.2676470588235294,0.2367606322307316,0.0,0.0,0.0,0.0,0.0,0.5365853658536586,12
DET,2017,0.2827868852459016,0.28335084033613445,0.4427142857142857,0.1307277628032345,0.15909090909090912,0.2714285714285714,0.23706896551724138,0.2532175032175032,0.4812142857142857,0.3249047619047619,0.11719833564493758,0.13472706155632982,0.7512857142857143,0.15833333333333335,0.24523809523809523,0.2162698412698413,0.14955357142857142,0.19999999999999998,0.4811522658300245,0.05119047619047619,0.17919799498746866,0.25476190476190474,0.24376731301939056,0.0,0.0,0.0,0.07142857142857142,0.07142857142857142,0.45121951219512196,19
DET,2018,0.29417122040072863,0.30147058823529416,0.43716666666666665,0.1792452830188679,0.20370370370370372,0.2644444444444444,0.2289272030651341,0.24874874874874875,0.4786111111111111,0.32814814814814813,0.14131607335490828,0.15311653116531165,0.7838888888888889,0.1388888888888889,0.24074074074074073,0.20709876543209876,0.16927083333333334,0.2185185185185185,0.4890041580527955,0.05277777777777778,0.2212475633528265,0.29074074074074074,0.2653124038165589,0.0,0.0,0.0,0.0,0.0,0.47560975609756095,19
DET,2019,0.23425366695427097,0.24632352941176472,0.3913157894736842,0.1926514399205561,0.22089314194577353,0.2873157894736842,0.15834845735027225,0.17069701280227598,0.42926315789473685,0.3066315789473684,0.1267245784363822,0.13692768506632436,0.7566315789473684,0.12631578947368421,0.22587719298245615,0.1929824561403509,0.1328125,0.17543859649122806,0.48126147062489366,0.049999999999999996,0.15974145891043398,0.2824561403508772,0.22175244204694558,0.0,0.0,0.0,0.05263157894736842,0.0,0.5,16
DET,2020,0.25968703427719825,0.2695521390374332,0.4120909090909091,0.19811320754716985,0.22796143250688708,0.3135909090909091,0.18377742946708464,0.19533169533169534,0.42059090909090907,0.3260606060606061,0.1438658428949691,0.16481892091648187,0.6403636363636364,0.12272727272727271,0.2170454545454545,0.18560606060606058,0.17258522727272727,0.19696969696969696,0.48720440405458426,0.0553030303030303,0.2232854864433812,0.29848484848484846,0.24578191891211282,0.0,0.0,0.0,0.0,0.045454545454545456,0.30303030303030304,27
DET,2021,0.2802498048399688,0.27906162464985995,0.46290476190476193,0.18688230008984727,0.2135642135642136,0.33428571428571424,0.20977011494252873,0.2157872157872158,0.5084285714285715,0.35095238095238096,0.14701803051317613,0.16298877274487028,0.7348095238095238,0.1246031746031746,0.23214285714285715,0.19629629629629633,0.1878720238095238,0.23174603174603173,0.5160622437377081,0.06904761904761905,0.22890559732664995,0.29126984126984123,0.25867299828518664,0.0,0.0,0.0,0.0,0.0,0.2777777777777778,29
DET,2022,0.22859744990892533,0.2534041394335512,0.3735555555555556,0.15863032844164923,0.21212121212121213,0.2577407407407407,0.16762452107279696,0.18401735068401734,0.4194074074074074,0.28804938271604935,0.11974110032362459,0.13008130081300812,0.6825925925925925,0.14753086419753086,0.21666666666666665,0.1934156378600823,0.14322916666666666,0.21975308641975305,0.43261948156085067,0.06913580246913581,0.20012995451591942,0.32839506172839505,0.21186005950548883,0.0,0.0,0.0,0.0,0.0,0.2804878048780488,28
DET,2023,0.2954918032786885,0.2959558823529412,0.43994999999999995,0.19056603773584907,0.2265151515151515,0.3104,0.22543103448275864,0.22815315315315315,0.50895,0.33743333333333336,0.16844660194174757,0.18373983739837396,0.7836000000000001,0.1725,0.24833333333333335,0.2238888888888889,0.147265625,0.20833333333333331,0.502223139587957,0.059166666666666666,0.22280701754385962,0.3441666666666666,0.2757617728531856,0.0,0.0,0.0,0.0,0.0,0.2073170731707317,30
DET,2024,0.2587431693989071,0.25600490196078435,0.44730000000000003,0.18742138364779876,0.21717171717171718,0.3164,0.18591954022988505,0.1852852852852853,0.4981333333333333,0.3492888888888889,0.12653721682847896,0.1338753387533875,0.7284333333333334,0.13333333333333333,0.21749999999999997,0.18833333333333335,0.14036458333333332,0.18444444444444444,0.5163687186383283,0.06333333333333332,0.17543859649122806,0.26166666666666666,0.2384118190212373,0.0,0.0,0.0,0.0,0.0,0.17073170731707318,30
DET,2025,0.2756686798964625,0.27205882352941174,0.4456842105263158,0.1708043694141013,0.2228867623604466,0.2664736842105263,0.21143375680580764,0.19962067330488384,0.5099473684210526,0.33715789473684216,0.14205416453755748,0.15233204963628583,0.6928421052631579,0.20175438596491227,0.22587719298245615,0.21695906432748535,0.16899671052631576,0.19824561403508772,0.4980992664942263,0.062280701754385964,0.19759926131117267,0.27982456140350875,0.25207756232686984,0.0,0.0,0.0,0.0,0.0,0.5365853658536586,14
GSW,2005,0.2647058823529412,0.27789792387543255,0.4263529411764706,0.12541620421753608,0.14795008912655971,0.24870588235294117,0.22058823529411764,0.25304716481187073,0.45241176470588235,0.30741176470588233,0.14962878355225584,0.17694882831181252,0.6317058823529412,0.19313725490196076,0.21666666666666665,0.20784313725490197,0.1645220588235294,0.23529411764705882,0.457235532062353,0.07745098039215687,0.2094943240454076,0.3490196078431373,0.2396936613980772,0.0,0.0,0.0,0.0,0.0,0.4146341463414634,21
GSW,2006,0.2486338797814208,0.2580882352941177,0.44586666666666663,0.1169811320754717,0.14040404040404042,0.1888,0.20804597701149424,0.23273273273273273,0.4689333333333333,0.31555555555555553,0.15339805825242717,0.18211382113821137,0.6866666666666668,0.1688888888888889,0.20777777777777778,0.19555555555555557,0.14427083333333332,0.20888888888888887,0.47176107187975636,0.05999999999999999,0.20935672514619882,0.3433333333333333,0.22899353647276083,0.0,0.0,0.0,0.0,0.0,0.4146341463414634,22
GSW,2007,0.27581967213114755,0.2797794117647059,0.47075000000000006,0.14528301886792455,0.15681818181818183,0.28245,0.22327586206896552,0.2502252252252252,0.44715,0.3574666666666667,0.1616504854368932,0.18983739837398372,0.69285,0.15166666666666667,0.21041666666666664,0.1902777777777778,0.15624999999999997,0.27999999999999997,0.511558118260849,0.07416666666666666,0.24736842105263154,0.3675,0.2537396121883656,0.0,0.0,0.0,0.0,0.0,0.5121951219512195,12
GSW,2008,0.2540983606557377,0.251608455882353,0.437875,0.12853773584905662,0.1482007575757576,0.2341875,0.20851293103448276,0.21987612612612611,0.4635,0.3212083333333333,0.13774271844660194,0.15497967479674796,0.726,0.16874999999999998,0.20625,0.19444444444444445,0.134765625,0.22916666666666666,0.4818161361796737,0.06770833333333333,0.18201754385964913,0.3145833333333333,0.22974376731301938,0.0,0.0,0.0625,0.0,0.0,0.5853658536585366,12
GSW,2009,0.31726133076181295,0.32158304498269896,0.4430588235294118,0.12985571587125416,0.14215686274509806,0.23941176470588238,0.27434077079107505,0.3094859565447801,0.45029411764705884,0.3187843137254902,0.2061679040548258,0.2266857962697274,0.7026470588235294,0.18529411764705883,0.242156862745098,0.22287581699346404,0.15808823529411764,0.26862745098039215,0.4801802524037293,0.08725490196078432,0.2518059855521156,0.3696078431372549,0.2926511324751507,0.0,0.0,0.0,0.0,0.0,0.35365853658536583,24
GSW,2010,0.33852459016393444,0.3229779411764706,0.4904,0.1650943396226415,0.17196969696969697,0.29155000000000003,0.2801724137931035,0.293018018018018,0.50935,0.36036666666666667,0.18349514563106795,0.20243902439024386,0.6816,0.17083333333333334,0.26166666666666666,0.23138888888888892,0.183203125,0.3,0.5301308849203359,0.08166666666666667,0.23859649122807017,0.4175,0.3051246537396122,0.0,0.0,0.0,0.1,0.0,0.3170731707317073,26
GSW,2011,0.248794599807136,0.24199826989619377,0.45182352941176473,0.10543840177580466,0.1091800356506239,0.205,0.21247464503042598,0.2313195548489666,0.46388235294117647,0.3236470588235294,0.11650485436893204,0.133428981348637,0.6616470588235295,0.17745098039215687,0.1965686274509804,0.1892156862745098,0.12913602941176472,0.2392156862745098,0.4763552389009963,0.07352941176470588,0.19504643962848298,0.3205882352941177,0.21671826625386997,0.0,0.0,0.0,0.058823529411764705,0.0,0.43902439024390244,20
GSW,2012,0.26457194899817854,0.2616421568627451,0.4621666666666666,0.12159329140461216,0.125,0.18527777777777776,0.2236590038314176,0.24599599599599603,0.4769444444444445,0.33092592592592596,0.12459546925566342,0.14272809394760613,0.6925555555555555,0.15092592592592594,0.22314814814814815,0.19814814814814813,0.14973958333333334,0.2444444444444444,0.4854782528672171,0.08148148148148147,0.21052631578947367,0.3361111111111111,0.23237919359803014,0.0,0.0,0.0,0.0,0.0,0.3484848484848485,23
GSW,2013,0.2755359394703657,0.2647058823529412,0.4661538461538462,0.11901306240928883,0.12354312354312355,0.3053846153846154,0.23607427055702918,0.2501732501732502,0.49323076923076925,0.32933333333333337,0.13965646004480955,0.14884302689180734,0.6963846153846155,0.16153846153846155,0.2551282051282051,0.2239316239316239,0.15504807692307693,0.1897435897435897,0.48862349655060827,0.07051282051282051,0.23346828609986506,0.33974358974358976,0.24355422970381418,0.0,0.0,0.0,0.0,0.0,0.573170731707317,10
GSW,2014,0.266120218579235,0.26151960784313727,0.434,0.14842767295597484,0.16212121212121214,0.23553333333333332,0.21149425287356322,0.22432432432432434,0.4714,0.3224444444444445,0.1268608414239482,0.14363143631436312,0.6893333333333334,0.15888888888888889,0.2461111111111111,0.21777777777777776,0.15729166666666666,0.21555555555555556,0.47647741780342906,0.07111111111111111,0.22690058479532163,0.3111111111111111,0.23785780240073867,0.0,0.0,0.13333333333333333,0.06666666666666667,0.06666666666666667,0.6219512195121951,8
GSW,2015,0.28161592505854804,0.26365546218487396,0.46885714285714286,0.15768194070080863,0.15854978354978355,0.21907142857142858,0.22413793103448273,0.22876447876447878,0.5017857142857143,0.3399047619047619,0.13106796116504854,0.14576074332171893,0.6966428571428571,0.1571428571428571,0.24404761904761904,0.21468253968253967,0.16908482142857142,0.25476190476190474,0.4999148610245872,0.09404761904761905,0.20426065162907267,0.29047619047619044,0.25009893153937474,0.0,0.0,0.07142857142857142,0.14285714285714285,0.07142857142857142,0.8170731707317073,1
GSW,2016,0.2683060109289618,0.2473039215686275,0.48873333333333335,0.17735849056603775,0.17323232323232324,0.3454,0.20114942528735633,0.2,0.5172,0.3575111111111111,0.12750809061488672,0.14688346883468834,0.7040666666666666,0.14333333333333334,0.24388888888888888,0.20925925925925926,0.171875,0.21555555555555556,0.5236954317475876,0.08333333333333333,0.20116959064327483,0.2944444444444444,0.24469067405355494,0.06666666666666667,0.0,0.13333333333333333,0.13333333333333333,0.13333333333333333,0.8902439024390244,1
GSW,2017,0.2497589199614272,0.22794117647058823,0.4880588235294118,0.1509433962264151,0.16221033868092694,0.24135294117647058,0.19168356997971603,0.1820349761526232,0.5365294117647059,0.3522745098039216,0.1262135922330097,0.13677666188426588,0.7068823529411764,0.1284313725490196,0.2245098039215686,0.19281045751633985,0.1691176470588235,0.22941176470588234,0.516760503938144,0.08823529411764706,0.18885448916408668,0.26176470588235295,0.22665797620987452,0.058823529411764705,0.0,0.17647058823529413,0.058823529411764705,0.23529411764705882,0.8170731707317073,1
GSW,2018,0.2873975409836066,0.2555147058823529,0.5165625,0.17452830188679247,0.18039772727272727,0.247,0.2209051724137931,0.20664414414414417,0.5579999999999999,0.37324999999999997,0.13349514563106796,0.1366869918699187,0.7643125,0.11770833333333333,0.23906249999999998,0.19652777777777777,0.18896484375,0.21875,0.5464197341591103,0.09895833333333333,0.21491228070175436,0.2708333333333333,0.2581371191135734,0.0,0.0625,0.125,0.0625,0.1875,0.7073170731707317,3
GSW,2019,0.2806171648987464,0.2562716262975778,0.4963529411764706,0.1853496115427303,0.19429590017825313,0.26329411764705885,0.20993914807302233,0.19846316905140435,0.5451764705882354,0.3701176470588235,0.125642490005711,0.1329507412721186,0.7108823529411765,0.14215686274509803,0.25392156862745097,0.215359477124183,0.17647058823529413,0.20588235294117646,0.534393272449043,0.09509803921568627,0.19504643962848295,0.30980392156862746,0.2525664005214274,0.0,0.0,0.11764705882352941,0.17647058823529413,0.11764705882352941,0.6951219512195121,3
GSW,2020,0.29433681073025336,0.30731951871657753,0.4103636363636364,0.20497427101200688,0.2558539944903581,0.2848181818181818,0.21434169278996865,0.225020475020475,0.4633181818181818,0.31275757575757573,0.16637246248896734,0.1729490022172949,0.7626363636363636,0.14393939393939392,0.24469696969696966,0.21111111111111114,0.19744318181818182,0.253030303030303,0.48446334209039926,0.06818181818181818,0.24561403508771928,0.33636363636363636,0.2762528330395366,0.0,0.0,0.045454545454545456,0.045454545454545456,0.045454545454545456,0.23076923076923078,30
GSW,2021,0.2680810028929605,0.2664359861591695,0.4261176470588235,0.20643729189789123,0.22905525846702318,0.318,0.1881338742393509,0.19104398516163223,0.4975882352941176,0.33050980392156865,0.13363792118789264,0.1516021042563367,0.7048823529411765,0.1284313725490196,0.2661764705882353,0.22026143790849673,0.17693014705882354,0.20196078431372547,0.4944039615526601,0.09019607843137255,0.21775025799793601,0.3107843137254902,0.24979631741893435,0.0,0.0,0.0,0.0,0.0,0.5416666666666666,14
GSW,2022,0.2695274831243973,0.25994809688581316,0.47358823529411764,0.2230854605993341,0.2482174688057041,0.29517647058823526,0.18255578093306288,0.1717011128775835,0.560235294117647,0.36149019607843136,0.11536264991433465,0.12529890004782399,0.7121764705882353,0.12549019607843137,0.24558823529411763,0.20490196078431372,0.18290441176470587,0.23137254901960783,0.5268078070720082,0.06568627450980392,0.20639834881320948,0.28431372549019607,0.24751507251099886,0.0,0.0,0.058823529411764705,0.058823529411764705,0.058823529411764705,0.6463414634146342,3
GSW,2023,0.2999035679845709,0.27768166089965396,0.49235294117647055,0.2574916759156493,0.26916221033868093,0.34758823529411764,0.19827586206896552,0.1807101218865925,0.5932941176470589,0.38145098039215686,0.12335808109651628,0.13199426111908177,0.759764705882353,0.1568627450980392,0.24166666666666667,0.21241830065359477,0.19071691176470584,0.20784313725490194,0.5523476475727959,0.061764705882352944,0.23529411764705882,0.3166666666666667,0.27521590353592956,0.0,0.0,0.058823529411764705,0.058823529411764705,0.058823529411764705,0.5365853658536586,11
GSW,2024,0.29508196721311475,0.2774509803921569,0.4874,0.23018867924528305,0.24393939393939398,0.31793333333333335,0.20402298850574713,0.1936936936936937,0.5506,0.3739111111111111,0.12233009708737863,0.13224932249322494,0.7478666666666667,0.1722222222222222,0.24611111111111109,0.22185185185185186,0.19947916666666668,0.2,0.5417180179292307,0.06666666666666667,0.20233918128654968,0.28888888888888886,0.26777469990766384,0.0,0.0,0.06666666666666667,0.06666666666666667,0.06666666666666667,0.5609756097560976,17
GSW,2025,0.2642466822794692,0.2655812324929972,0.4488095238095238,0.22102425876010784,0.24963924963924963,0.30704761904761907,0.17610837438423646,0.1773916773916774,0.528952380952381,0.34701587301587306,0.13314840499306518,0.14866434378629498,0.6850952380952381,0.16984126984126982,0.20714285714285713,0.19497354497354497,0.18824404761904762,0.2698412698412698,0.5062723404703826,0.05952380952380952,0.18295739348370926,0.2753968253968254,0.2491755705052104,0.0,0.0,0.0,0.0,0.047619047619047616,0.5853658536585366,11
HOU,2005,0.22540983606557377,0.24117647058823527,0.3931,0.12641509433962267,0.14015151515151517,0.28315,0.17974137931034484,0.21216216216216216,0.4048,0.2953,0.1320388349514563,0.13983739837398373,0.7948500000000001,0.12333333333333334,0.21541666666666667,0.18472222222222223,0.15546875,0.2,0.44994040007003233,0.045,0.19736842105263158,0.325,0.2085872576177285,0.0,0.0,0.0,0.0,0.0,0.6219512195121951,7
HOU,2006,0.2312338222605695,0.24245356037151702,0.42200000000000004,0.10129096325719962,0.1244019138755981,0.19352631578947369,0.19782214156079855,0.223565670934092,0.45210526315789473,0.30701754385964913,0.15533980582524273,0.16987590928540863,0.7198421052631578,0.14298245614035088,0.2236842105263158,0.19649122807017544,0.13363486842105263,0.2157894736842105,0.4690419626155314,0.05263157894736842,0.21514312096029548,0.32894736842105265,0.2150459250619624,0.0,0.0,0.05263157894736842,0.05263157894736842,0.05263157894736842,0.4146341463414634,23
HOU,2007,0.2508196721311476,0.25367647058823534,0.4302,0.1220125786163522,0.13787878787878788,0.19893333333333332,0.2074712643678161,0.22882882882882882,0.46366666666666667,0.3188888888888889,0.16181229773462782,0.18157181571815714,0.7441333333333334,0.16333333333333336,0.24166666666666667,0.2151851851851852,0.13125,0.20222222222222222,0.4865631670218649,0.06333333333333332,0.2152046783625731,0.31777777777777777,0.2337950138504155,0.0,0.0,0.0,0.06666666666666667,0.06666666666666667,0.6341463414634146,5
HOU,2008,0.2522768670309654,0.25653594771241833,0.44872222222222224,0.1079664570230608,0.12920875420875422,0.19516666666666665,0.2164750957854406,0.23723723723723722,0.4806111111111111,0.327,0.1407766990291262,0.17795844625112917,0.6700555555555555,0.18333333333333332,0.22037037037037038,0.2080246913580247,0.1388888888888889,0.19814814814814813,0.48050694435301483,0.07129629629629629,0.20272904483430798,0.30648148148148147,0.2269929208987381,0.0,0.0,0.05555555555555555,0.1111111111111111,0.1111111111111111,0.6707317073170732,6
HOU,2009,0.2845433255269321,0.2870273109243698,0.43557142857142855,0.14690026954177898,0.15854978354978355,0.32957142857142857,0.2309113300492611,0.25707850707850705,0.4570714285714286,0.32352380952380955,0.17753120665742023,0.18641114982578394,0.7768571428571428,0.1619047619047619,0.2613095238095238,0.22936507936507938,0.17354910714285715,0.2261904761904762,0.4916908867082471,0.0738095238095238,0.23433583959899748,0.3,0.2635536208943411,0.0,0.0,0.07142857142857142,0.21428571428571427,0.14285714285714285,0.6463414634146342,8
HOU,2010,0.2540983606557377,0.25714869281045755,0.4310555555555556,0.10587002096436059,0.12920875420875422,0.20438888888888887,0.21791187739463602,0.23823823823823823,0.46705555555555556,0.3084814814814815,0.1720604099244876,0.19060523938572718,0.6606111111111111,0.17962962962962964,0.20879629629629629,0.19969135802469137,0.13368055555555555,0.1925925925925926,0.46668708909356155,0.058333333333333334,0.21832358674463936,0.3175925925925926,0.23668821175746382,0.0,0.0,0.0,0.1111111111111111,0.0,0.5121951219512195,16
HOU,2011,0.26567020250723244,0.2655709342560554,0.44335294117647056,0.12763596004439512,0.13859180035650623,0.2471764705882353,0.2216024340770791,0.242713301536831,0.4661764705882353,0.3236470588235294,0.16390633923472303,0.17073170731707316,0.7582941176470588,0.16470588235294117,0.221078431372549,0.20163398692810455,0.15762867647058823,0.196078431372549,0.4866537354636281,0.07549019607843137,0.2002063983488132,0.29411764705882354,0.24474498940850578,0.0,0.0,0.0,0.058823529411764705,0.0,0.524390243902439,14
HOU,2012,0.23952641165755922,0.24816176470588236,0.42683333333333334,0.1090146750524109,0.12584175084175084,0.2112777777777778,0.20306513409961688,0.228978978978979,0.451,0.30777777777777776,0.12675296655879179,0.13956639566395665,0.6777222222222222,0.15462962962962962,0.2212962962962963,0.2,0.13758680555555555,0.19999999999999998,0.46431921741598686,0.07129629629629629,0.19395711500974658,0.28703703703703703,0.21391197291474298,0.0,0.0,0.0,0.0,0.0,0.5151515151515151,17
HOU,2013,0.2459016393442623,0.244281045751634,0.4493888888888889,0.16666666666666666,0.1830808080808081,0.2712777777777778,0.1839080459770115,0.1906906906906907,0.4907222222222222,0.3407037037037037,0.1272923408845739,0.14634146341463414,0.6778888888888889,0.15925925925925927,0.20879629629629629,0.19228395061728393,0.1362847222222222,0.22777777777777775,0.49659155874148325,0.06759259259259259,0.21442495126705652,0.28518518518518515,0.22776238842720836,0.0,0.0,0.0,0.0,0.0,0.5487804878048781,12
HOU,2014,0.2647058823529412,0.2586505190311419,0.44252941176470584,0.17314095449500555,0.1876114081996435,0.2768235294117647,0.1997971602434077,0.2048224695283519,0.48129411764705887,0.3374901960784314,0.15990862364363223,0.18747010999521757,0.5671176470588235,0.1519607843137255,0.25392156862745097,0.21928104575163399,0.13005514705882354,0.20392156862745095,0.4922351316039201,0.08235294117647059,0.22807017543859648,0.307843137254902,0.24995926348378686,0.0,0.0,0.058823529411764705,0.058823529411764705,0.11764705882352941,0.6585365853658537,5
HOU,2015,0.24288179465056084,0.2478715170278638,0.425421052631579,0.16484607745779545,0.19736842105263158,0.2814210526315789,0.1810344827586207,0.18634423897581795,0.4840526315789474,0.32670175438596494,0.13336739908022482,0.1677364142062473,0.6386315789473684,0.1763157894736842,0.22280701754385965,0.20730994152046786,0.13199013157894737,0.2473684210526316,0.4716836849299328,0.07631578947368421,0.22622345337026775,0.32105263157894737,0.2265636390144336,0.0,0.0,0.05263157894736842,0.15789473684210525,0.10526315789473684,0.6829268292682927,3
HOU,2016,0.2550626808100289,0.2532439446366782,0.45982352941176474,0.14983351831298558,0.1804812834224599,0.23635294117647057,0.19929006085192696,0.20349761526232116,0.5163529411764706,0.33878431372549017,0.15305539691604797,0.1841224294595887,0.7043529411764706,0.15588235294117647,0.22549019607843138,0.20228758169934638,0.13648897058823528,0.26666666666666666,0.505612153840627,0.07254901960784313,0.23529411764705882,0.32941176470588235,0.23839009287925694,0.0,0.0,0.058823529411764705,0.11764705882352941,0.058823529411764705,0.5,17
HOU,2017,0.2792008196721312,0.2702205882352941,0.467625,0.21344339622641512,0.243844696969697,0.26787500000000003,0.1961206896551724,0.18524774774774774,0.5270625,0.3519583333333333,0.1674757281553398,0.1803861788617886,0.742375,0.16041666666666665,0.23385416666666667,0.20902777777777776,0.1572265625,0.22916666666666666,0.5222049673673935,0.065625,0.21271929824561403,0.3177083333333333,0.2674861495844875,0.0,0.0,0.0625,0.0625,0.0,0.6707317073170732,3
HOU,2018,0.2373145979703357,0.2426470588235294,0.4237142857142857,0.20305480682839175,0.23989898989898992,0.2296190476190476,0.15845648604269294,0.154011154011154,0.5145238095238095,0.3268888888888889,0.12436430883032823,0.13588850174216027,0.6066666666666667,0.12777777777777777,0.21388888888888888,0.18492063492063493,0.12202380952380952,0.20317460317460317,0.47606182926028595,0.06190476190476191,0.19715956558061823,0.3325396825396825,0.2256958184936024,0.0,0.0,0.047619047619047616,0.0,0.047619047619047616,0.7926829268292683,1
HOU,2019,0.2598360655737705,0.2705882352941177,0.41059999999999997,0.24433962264150946,0.2943181818181818,0.2808,0.16206896551724137,0.156981981981982,0.4809,0.3289666666666667,0.137378640776699,0.14959349593495935,0.6566,0.1475,0.22083333333333335,0.19694444444444442,0.12499999999999997,0.21833333333333332,0.481504052264999,0.07083333333333333,0.1692982456140351,0.3566666666666667,0.2505540166204986,0.05,0.0,0.05,0.05,0.05,0.6463414634146342,5
HOU,2020,0.2521467603434817,0.25420168067226895,0.43185714285714283,0.21293800539083557,0.2683982683982684,0.2346190476190476,0.16748768472906403,0.15143715143715145,0.5758095238095239,0.3375873015873016,0.14008321775312066,0.15253581107239644,0.6595714285714286,0.14047619047619048,0.24563492063492062,0.2097883597883598,0.1209077380952381,0.23809523809523808,0.492547060100047,0.08015873015873017,0.189640768588137,0.2968253968253968,0.2409972299168975,0.0,0.0,0.09523809523809523,0.0,0.09523809523809523,0.6111111111111112,8
HOU,2021,0.3005464480874317,0.3096813725490196,0.42273333333333335,0.25345911949685535,0.3108585858585859,0.2960333333333333,0.20201149425287357,0.19459459459459463,0.5500666666666666,0.3335111111111111,0.15016181229773462,0.16720867208672086,0.6819000000000001,0.14166666666666666,0.25055555555555553,0.21351851851851852,0.18619791666666666,0.22666666666666666,0.4877970865327742,0.08722222222222223,0.24444444444444444,0.30666666666666664,0.28264081255771006,0.0,0.0,0.03333333333333333,0.0,0.03333333333333333,0.2361111111111111,30
HOU,2022,0.26143226919758417,0.2592879256965944,0.4526315789473684,0.20854021847070509,0.24362041467304626,0.3111578947368421,0.17921960072595283,0.17354196301564723,0.5465263157894737,0.3529122807017544,0.1384772611139499,0.1617458279845956,0.7428947368421053,0.13333333333333333,0.23070175438596494,0.19883040935672514,0.1591282894736842,0.20175438596491227,0.520744474635916,0.0675438596491228,0.23915050784856876,0.2921052631578947,0.2471205715118822,0.0,0.0,0.0,0.0,0.0,0.24390243902439024,30
HOU,2023,0.24726775956284155,0.24836601307189543,0.4398888888888889,0.15618448637316562,0.19654882154882156,0.2717222222222222,0.1896551724137931,0.1871871871871872,0.5207777777777778,0.33496296296296296,0.13969795037756202,0.15401987353206864,0.7759444444444444,0.1611111111111111,0.2046296296296296,0.18919753086419752,0.140625,0.1796296296296296,0.5038960695210006,0.06018518518518518,0.19980506822612085,0.2611111111111111,0.23114804555247767,0.0,0.0,0.0,0.0,0.0,0.2682926829268293,28
HOU,2024,0.2827868852459017,0.2725183823529412,0.469375,0.1875,0.2116477272727273,0.3228125,0.21120689655172414,0.2080518018018018,0.5185625,0.35791666666666666,0.13895631067961164,0.15345528455284552,0.7624375,0.175,0.24427083333333335,0.22118055555555555,0.1513671875,0.22499999999999998,0.526542805054138,0.06458333333333333,0.17434210526315788,0.28854166666666664,0.25744459833795014,0.0,0.0,0.0,0.0,0.0,0.5,19
HOU,2025,0.2839922854387657,0.2757352941176471,0.47552941176470587,0.1897891231964484,0.22058823529411767,0.2884117647058823,0.21247464503042598,0.20773714891361952,0.5526470588235294,0.3591372549019608,0.12849800114220444,0.14777618364418935,0.7261764705882353,0.2029411764705882,0.242156862745098,0.23006535947712417,0.14200367647058823,0.22745098039215686,0.522595688793759,0.07941176470588235,0.18163054695562433,0.27352941176470585,0.25598826788333057,0.0,0.0,0.0,0.0,0.0,0.6341463414634146,4
IND,2005,0.2569672131147541,0.2626838235294118,0.4324,0.09433962264150944,0.11136363636363637,0.19455,0.22672413793103446,0.25585585585585585,0.4535,0.3080333333333333,0.18883495145631066,0.20325203252032517,0.6473,0.17416666666666666,0.22541666666666668,0.2088888888888889,0.122265625,0.22999999999999998,0.46846041303188046,0.07583333333333334,0.2245614035087719,0.37583333333333335,0.2412742382271468,0.0,0.0,0.0,0.0,0.0,0.5365853658536586,14
IND,2006,0.31323185011709603,0.3069852941176471,0.4788571428571428,0.1280323450134771,0.14718614718614717,0.2392857142857143,0.270935960591133,0.28893178893178895,0.5058571428571429,0.34376190476190477,0.2108183079056865,0.2439024390243902,0.7577857142857143,0.19642857142857142,0.2839285714285714,0.2547619047619048,0.16071428571428573,0.26904761904761904,0.5192773378993706,0.09047619047619047,0.26942355889724307,0.3904761904761905,0.2906608626830233,0.0,0.0,0.0,0.0,0.0,0.5,15
IND,2007,0.23943054357204488,0.24593653250773995,0.42973684210526314,0.0913604766633565,0.10645933014354068,0.2421052631578947,0.20871143375680581,0.23850165955429115,0.45668421052631575,0.308140350877193,0.1604496678589678,0.17629439452289258,0.7321052631578947,0.1614035087719298,0.2043859649122807,0.19035087719298247,0.13034539473684212,0.18947368421052632,0.47794636056760476,0.06842105263157895,0.24007386888273316,0.3482456140350877,0.22029450357194927,0.0,0.0,0.0,0.0,0.0,0.4268292682926829,19
IND,2008,0.2841530054644809,0.2897058823529412,0.45106666666666667,0.1446540880503145,0.15656565656565657,0.27566666666666667,0.23333333333333334,0.2618618618618619,0.4705333333333333,0.33128888888888885,0.1676375404530744,0.18536585365853658,0.7445333333333333,0.16444444444444445,0.23333333333333334,0.20962962962962964,0.17708333333333334,0.23777777777777775,0.497372690249737,0.07888888888888888,0.2549707602339181,0.3522222222222222,0.26168051708217915,0.0,0.0,0.0,0.06666666666666667,0.0,0.43902439024390244,20
IND,2009,0.3026932084309134,0.3022584033613446,0.4556428571428572,0.14420485175202158,0.15692640692640694,0.24657142857142858,0.25307881773399016,0.2767052767052767,0.48057142857142854,0.3304761904761905,0.1699029126213592,0.17886178861788618,0.7694285714285715,0.175,0.2494047619047619,0.2246031746031746,0.15401785714285715,0.21666666666666665,0.49367056958943617,0.08571428571428572,0.23182957393483708,0.3607142857142857,0.2748318163830629,0.0,0.0,0.0,0.0,0.0,0.43902439024390244,18
IND,2010,0.26721311475409837,0.2745098039215686,0.4250666666666667,0.12955974842767298,0.15252525252525254,0.25279999999999997,0.2218390804597701,0.24534534534534533,0.4457333333333333,0.3111111111111111,0.1676375404530744,0.18482384823848236,0.6844,0.16333333333333336,0.24000000000000002,0.21407407407407408,0.15104166666666666,0.22666666666666666,0.46782842369414784,0.07555555555555556,0.2198830409356725,0.3522222222222222,0.24672206832871652,0.0,0.0,0.0,0.0,0.0,0.3902439024390244,21
IND,2011,0.25191256830601094,0.26004901960784316,0.4302,0.11572327044025157,0.13585858585858587,0.2236,0.21379310344827587,0.23723723723723725,0.46699999999999997,0.31364444444444445,0.15792880258899675,0.17127371273712735,0.747,0.15777777777777777,0.23444444444444443,0.20777777777777778,0.13802083333333334,0.2111111111111111,0.47622146046027924,0.07666666666666666,0.22807017543859648,0.33222222222222225,0.23268698060941828,0.0,0.0,0.0,0.0,0.0,0.45121951219512196,19
IND,2012,0.23169398907103828,0.23970588235294119,0.42646666666666666,0.09433962264150944,0.10101010101010101,0.26653333333333334,0.2017241379310345,0.23333333333333334,0.4394,0.30591111111111113,0.15663430420711974,0.17235772357723575,0.7208666666666667,0.17777777777777776,0.21888888888888888,0.2051851851851852,0.11927083333333331,0.23777777777777775,0.4709082004428092,0.06333333333333332,0.18596491228070175,0.3044444444444444,0.21532779316712833,0.0,0.0,0.0,0.0,0.0,0.6363636363636364,5
IND,2013,0.22513661202185795,0.24142156862745098,0.3842666666666667,0.10566037735849057,0.12373737373737374,0.256,0.19022988505747127,0.2216216216216216,0.4092,0.2847111111111111,0.13462783171521037,0.15555555555555553,0.6880666666666666,0.16777777777777778,0.21555555555555556,0.19962962962962963,0.12343749999999999,0.18666666666666665,0.43551671461381364,0.07666666666666666,0.20233918128654968,0.26555555555555554,0.20535549399815328,0.0,0.0,0.0,0.0,0.0,0.6049382716049383,9
IND,2014,0.23577627772420442,0.24091695501730104,0.4370588235294117,0.10099889012208657,0.11363636363636365,0.27417647058823524,0.20233265720081137,0.2273449920508744,0.4801764705882353,0.32298039215686275,0.1382067390062821,0.14921090387374458,0.7394705882352941,0.15098039215686274,0.24068627450980393,0.21176470588235294,0.11902573529411764,0.1607843137254902,0.48479640783927563,0.06764705882352941,0.20639834881320948,0.2656862745098039,0.21329639889196675,0.0,0.0,0.0,0.11764705882352941,0.058823529411764705,0.6829268292682927,4
IND,2015,0.27202868852459017,0.27941176470588236,0.4394375,0.14976415094339623,0.16666666666666669,0.2663125,0.2165948275862069,0.2435247747747748,0.46900000000000003,0.32633333333333336,0.14381067961165048,0.16107723577235772,0.7324375,0.14479166666666665,0.24687499999999998,0.21180555555555555,0.15625,0.1875,0.48803762985522803,0.06041666666666667,0.2182017543859649,0.309375,0.2470567867036011,0.0,0.0,0.0625,0.125,0.0625,0.4634146341463415,19
IND,2016,0.2556352459016394,0.2506893382352941,0.4845,0.1143867924528302,0.13399621212121213,0.21725,0.21605603448275862,0.22719594594594594,0.5183125,0.34641666666666665,0.1262135922330097,0.13922764227642276,0.668625,0.146875,0.22291666666666665,0.19791666666666669,0.14208984375,0.2375,0.5085080484649163,0.0625,0.20175438596491227,0.27708333333333335,0.22541551246537395,0.0,0.0,0.0,0.0,0.0,0.5487804878048781,11
IND,2017,0.2804449648711944,0.2720588235294118,0.4585714285714286,0.13881401617250674,0.1433982683982684,0.27999999999999997,0.23152709359605914,0.24742599742599744,0.4764285714285714,0.3341904761904762,0.14563106796116504,0.15098722415795587,0.7482142857142857,0.1357142857142857,0.2488095238095238,0.2115079365079365,0.16294642857142858,0.22857142857142856,0.4999080086934695,0.07023809523809524,0.21303258145363407,0.29642857142857143,0.25108824693312226,0.0,0.0,0.0,0.0,0.07142857142857142,0.5121951219512195,13
IND,2018,0.29215456674473067,0.2778361344537815,0.45949999999999996,0.14285714285714285,0.15746753246753248,0.32621428571428573,0.2413793103448276,0.24581724581724582,0.497,0.33980952380952384,0.12413314840499305,0.13124274099883856,0.7695714285714287,0.15357142857142855,0.24166666666666667,0.2126984126984127,0.14676339285714285,0.24999999999999997,0.4972418527917667,0.06190476190476191,0.18922305764411027,0.27976190476190477,0.25326474079936684,0.0,0.0,0.0,0.0,0.0,0.5853658536585366,8
IND,2019,0.30796252927400475,0.2980567226890756,0.4615714285714286,0.1765498652291105,0.19534632034632035,0.34535714285714286,0.24261083743842365,0.24871299871299873,0.5020714285714286,0.3444285714285714,0.1449375866851595,0.15911730545876887,0.7455714285714287,0.13452380952380952,0.2505952380952381,0.2119047619047619,0.18694196428571427,0.26666666666666666,0.5078744281230833,0.07380952380952381,0.2167919799498747,0.30238095238095236,0.2752275425405619,0.0,0.0,0.07142857142857142,0.07142857142857142,0.07142857142857142,0.5853658536585366,11
IND,2020,0.2782063645130184,0.2698961937716263,0.4491764705882353,0.15538290788013318,0.18137254901960786,0.29029411764705887,0.22109533468559836,0.22204557498675145,0.5243529411764706,0.33329411764705885,0.1182181610508281,0.12673362027737922,0.6601176470588235,0.12058823529411763,0.23872549019607844,0.19999999999999998,0.1640625,0.20392156862745095,0.4863598976707538,0.0696078431372549,0.18988648090815272,0.27352941176470585,0.24441909727880068,0.0,0.0,0.0,0.058823529411764705,0.0,0.6164383561643836,7
IND,2021,0.3543876567020251,0.33499134948096887,0.4819411764705882,0.218645948945616,0.24910873440285208,0.3091176470588235,0.27281947261663286,0.2628510863804982,0.5401764705882353,0.3623137254901961,0.16733295259851513,0.17742706838833094,0.8040588235294118,0.13529411764705881,0.27450980392156865,0.22941176470588234,0.18566176470588236,0.26666666666666666,0.5360582324107293,0.10980392156862745,0.21671826625386997,0.34705882352941175,0.3185595567867036,0.0,0.0,0.0,0.0,0.0,0.4722222222222222,18
IND,2022,0.31213114754098364,0.30014705882352943,0.47716000000000003,0.2007547169811321,0.24090909090909093,0.29428,0.23655172413793102,0.22486486486486487,0.57168,0.35776,0.1436893203883495,0.1590243902439024,0.72968,0.168,0.24666666666666667,0.21933333333333332,0.1925,0.21866666666666668,0.5270324760102423,0.088,0.21614035087719297,0.336,0.28099722991689746,0.0,0.0,0.0,0.04,0.0,0.3048780487804878,26
IND,2023,0.2659836065573771,0.25716911764705885,0.46349999999999997,0.2,0.2272727272727273,0.3016,0.18836206896551724,0.18040540540540542,0.54745,0.35286666666666666,0.13058252427184464,0.14227642276422764,0.7479,0.13833333333333334,0.20708333333333334,0.18444444444444447,0.1625,0.21000000000000002,0.5181244083291068,0.08333333333333333,0.1807017543859649,0.29333333333333333,0.24598337950138505,0.0,0.0,0.0,0.0,0.0,0.4268292682926829,23
IND,2024,0.2955133735979293,0.269156346749226,0.4738421052631579,0.18669314796425027,0.20773524720893144,0.29189473684210526,0.22549909255898365,0.2069701280227596,0.5632105263157895,0.35750877192982455,0.11752682677567705,0.1258023106546855,0.7477894736842106,0.13333333333333333,0.2,0.17777777777777778,0.17722039473684212,0.2087719298245614,0.5234856535654115,0.06666666666666667,0.16158818097876268,0.2850877192982456,0.26097098702434757,0.0,0.0,0.0,0.0,0.0,0.573170731707317,12
IND,2025,0.26358930112165657,0.2395510835913313,0.49326315789473685,0.16683217477656406,0.18660287081339716,0.2825263157894737,0.20099818511796733,0.18231389284020863,0.5767894736842105,0.3686315789473684,0.12723556463975472,0.13692768506632433,0.7638421052631579,0.1350877192982456,0.20614035087719298,0.18187134502923977,0.1533717105263158,0.21228070175438596,0.5425097676907185,0.0780701754385965,0.15604801477377653,0.25087719298245614,0.23866452835690333,0.0,0.0,0.0,0.0,0.05263157894736842,0.6097560975609756,7
LAC,2005,0.2540983606557377,0.25643382352941174,0.4325625,0.054245283018867926,0.06581439393939395,0.1740625,0.24299568965517243,0.27449324324324326,0.4444375,0.30145833333333333,0.1686893203883495,0.18445121951219512,0.6689375,0.16354166666666667,0.21875,0.19999999999999998,0.17724609375,0.22708333333333333,0.456796502134751,0.071875,0.23464912280701752,0.35208333333333336,0.2280124653739612,0.0,0.0,0.0,0.0,0.0,0.45121951219512196,19
LAC,2006,0.2249544626593807,0.22508169934640523,0.4161666666666667,0.0628930817610063,0.07281144781144783,0.1922777777777778,0.20833333333333334,0.23198198198198197,0.4325,0.29314814814814816,0.16181229773462782,0.17208672086720866,0.6598333333333334,0.12962962962962962,0.22453703703703706,0.19228395061728396,0.12890625,0.17407407407407405,0.4471348752754855,0.07592592592592592,0.19785575048732942,0.3212962962962963,0.2069867651585103,0.0,0.0,0.0,0.0,0.0,0.573170731707317,9
LAC,2007,0.21359691417550628,0.21993944636678203,0.3668823529411765,0.054384017758046625,0.07040998217468807,0.23076470588235296,0.199290060851927,0.22813990461049286,0.37611764705882356,0.2585882352941176,0.15362649914334667,0.17025346724055473,0.6674117647058824,0.14215686274509803,0.19362745098039214,0.17679738562091504,0.15900735294117646,0.2196078431372549,0.4133099566346499,0.06568627450980392,0.21671826625386997,0.3215686274509804,0.1956982238878931,0.0,0.0,0.058823529411764705,0.058823529411764705,0.058823529411764705,0.4878048780487805,17
LAC,2008,0.25865209471766853,0.2647058823529412,0.43427777777777776,0.06708595387840671,0.08880471380471382,0.17922222222222223,0.24090038314176246,0.27152152152152154,0.46338888888888885,0.30674074074074076,0.17583603020496225,0.19286359530261968,0.6913333333333334,0.16296296296296298,0.23148148148148145,0.20895061728395062,0.15234375,0.2037037037037037,0.46503805569233747,0.08425925925925926,0.2290448343079922,0.32499999999999996,0.2351492767005232,0.0,0.0,0.0,0.05555555555555555,0.0,0.2804878048780488,25
LAC,2009,0.2765314926660915,0.28405572755417957,0.4253684210526316,0.10427010923535253,0.120414673046252,0.2370526315789474,0.24274047186932848,0.2761972498814604,0.44352631578947366,0.3061052631578947,0.13949923352069493,0.16345742404792468,0.7076842105263158,0.1807017543859649,0.22587719298245615,0.21140350877192982,0.14103618421052633,0.21228070175438596,0.45594450085574895,0.08508771929824561,0.23268698060941825,0.3201754385964912,0.2417261991543957,0.0,0.0,0.0,0.05263157894736842,0.0,0.23170731707317074,28
LAC,2010,0.25,0.2493872549019608,0.4385555555555556,0.09538784067085954,0.1144781144781145,0.24794444444444444,0.21839080459770113,0.2374874874874875,0.46772222222222226,0.3185925925925926,0.1326860841423948,0.14950316169828365,0.6805555555555556,0.16944444444444443,0.22175925925925927,0.20493827160493827,0.1527777777777778,0.19074074074074074,0.4674978945082125,0.07407407407407407,0.2300194931773879,0.28518518518518515,0.2203755001538935,0.0,0.0,0.0,0.05555555555555555,0.0,0.35365853658536583,22
LAC,2011,0.2671166827386693,0.26686851211072665,0.4444705882352941,0.11986681465038845,0.13725490196078433,0.24064705882352944,0.2261663286004057,0.2458929517753047,0.465235294117647,0.32635294117647057,0.15305539691604797,0.17742706838833094,0.7301176470588234,0.15294117647058825,0.21372549019607842,0.19346405228758168,0.16038602941176472,0.20196078431372547,0.48556388452497357,0.06764705882352941,0.23942208462332304,0.32254901960784316,0.24230079843571778,0.0,0.0,0.0,0.0,0.0,0.3902439024390244,23
LAC,2012,0.23674059787849563,0.24567474048442908,0.39682352941176474,0.13651498335183132,0.15641711229946526,0.23594117647058824,0.18711967545638947,0.20826709062003182,0.4191764705882353,0.2941960784313725,0.13363792118789264,0.15781922525107603,0.7168823529411764,0.16176470588235295,0.19166666666666665,0.18071895424836604,0.13097426470588236,0.22352941176470587,0.446488029395153,0.06274509803921569,0.19195046439628483,0.3088235294117647,0.21769594264298517,0.0,0.0,0.11764705882352941,0.11764705882352941,0.058823529411764705,0.6060606060606061,9
LAC,2013,0.2640515222482436,0.2507878151260504,0.47414285714285714,0.1307277628032345,0.14664502164502166,0.25792857142857145,0.21798029556650247,0.2203989703989704,0.5095714285714286,0.3464761904761905,0.1407766990291262,0.1614401858304297,0.7143571428571428,0.1464285714285714,0.20416666666666666,0.18531746031746033,0.16350446428571427,0.26904761904761904,0.5076406440840068,0.07261904761904761,0.2055137844611529,0.3011904761904762,0.2372378314206569,0.0,0.0,0.07142857142857142,0.14285714285714285,0.14285714285714285,0.6829268292682927,5
LAC,2014,0.2389991371872304,0.23626160990712075,0.4372105263157895,0.13604766633565046,0.16068580542264754,0.2635789473684211,0.1896551724137931,0.19369369369369369,0.4991052631578948,0.32859649122807016,0.1430761369443025,0.16089002995293109,0.6549473684210526,0.11929824561403508,0.20307017543859648,0.1742690058479532,0.13486842105263158,0.22982456140350874,0.48016632555202937,0.05350877192982456,0.18559556786703602,0.29298245614035084,0.22189823589444527,0.0,0.0,0.05263157894736842,0.05263157894736842,0.10526315789473684,0.6951219512195121,3
LAC,2015,0.2546106557377049,0.25137867647058826,0.434125,0.16863207547169812,0.1785037878787879,0.3401875,0.19181034482758622,0.20213963963963966,0.4603125,0.34008333333333335,0.13288834951456308,0.15345528455284552,0.7065,0.11458333333333333,0.21562499999999998,0.18159722222222222,0.15673828125,0.23124999999999998,0.49731376319981896,0.058333333333333334,0.16666666666666666,0.2947916666666667,0.2347645429362881,0.0,0.0,0.125,0.125,0.125,0.6829268292682927,4
LAC,2016,0.2725409836065574,0.2647058823529412,0.4623125,0.14504716981132076,0.1619318181818182,0.2841875,0.22036637931034483,0.22804054054054054,0.502375,0.343125,0.1486650485436893,0.17733739837398374,0.7356875,0.125,0.2421875,0.20277777777777778,0.15234375,0.24583333333333332,0.49973451093110266,0.08437499999999999,0.1918859649122807,0.31354166666666666,0.24792243767313019,0.0,0.0,0.125,0.125,0.1875,0.6463414634146342,6
LAC,2017,0.2931904161412358,0.27601809954751133,0.4675384615384615,0.1741654571843251,0.1888111888111888,0.3257692307692308,0.226790450928382,0.22626472626472627,0.5177692307692308,0.3537948717948718,0.1717699775952203,0.19199499687304564,0.7653076923076922,0.13076923076923078,0.2570512820512821,0.2141025641025641,0.1640625,0.2205128205128205,0.5217873942840314,0.06025641025641026,0.19838056680161945,0.30641025641025643,0.2718943106754741,0.0,0.0,0.07692307692307693,0.15384615384615385,0.15384615384615385,0.6219512195121951,6
LAC,2018,0.31188524590163935,0.30404411764705885,0.46959999999999996,0.1867924528301887,0.2109848484848485,0.29505,0.24094827586206896,0.24752252252252252,0.51125,0.34950000000000003,0.16262135922330095,0.17642276422764225,0.76145,0.14166666666666666,0.2525,0.21527777777777776,0.162109375,0.23833333333333334,0.515289639704451,0.06416666666666666,0.22807017543859648,0.31999999999999995,0.2837950138504155,0.0,0.0,0.0,0.05,0.05,0.5121951219512195,18
LAC,2019,0.2540983606557377,0.24667366946778713,0.4480476190476191,0.15633423180592992,0.16341991341991344,0.2671428571428572,0.19581280788177338,0.20549120549120548,0.47614285714285715,0.3383174603174603,0.14840499306518723,0.16337591947348043,0.7091428571428571,0.1388888888888889,0.24484126984126983,0.20925925925925928,0.13206845238095238,0.17301587301587298,0.5000332575980755,0.05634920634920635,0.18379281537176273,0.33730158730158727,0.23690805962274103,0.0,0.0,0.0,0.0,0.0,0.5853658536585366,12
LAC,2020,0.2584124245038827,0.2527089783281734,0.45399999999999996,0.19364448857994043,0.20733652312599682,0.3091578947368421,0.18375680580762252,0.18610715979137032,0.5036842105263158,0.3548421052631579,0.14716402657128255,0.1561831407787762,0.7515263157894737,0.12543859649122807,0.23728070175438598,0.20058479532163745,0.14884868421052633,0.1894736842105263,0.5248718164982256,0.05964912280701754,0.1948291782086796,0.30877192982456136,0.24493366379938766,0.0,0.0,0.10526315789473684,0.15789473684210525,0.10526315789473684,0.6805555555555556,4
LAC,2021,0.29143897996357016,0.2775735294117647,0.46655555555555556,0.22327044025157233,0.22432659932659935,0.3725555555555556,0.20641762452107282,0.20845845845845845,0.5106111111111111,0.36285185185185187,0.133764832793959,0.1323396567299006,0.8367222222222223,0.13518518518518519,0.24444444444444446,0.2080246913580247,0.17100694444444445,0.22037037037037036,0.5377982383771447,0.0574074074074074,0.20272904483430798,0.2759259259259259,0.26823638042474607,0.0,0.0,0.05555555555555555,0.1111111111111111,0.05555555555555555,0.6527777777777778,6
LAC,2022,0.2749627421758569,0.2677139037433155,0.4640909090909091,0.2084048027444254,0.21556473829201106,0.3673181818181818,0.19435736677115986,0.19942669942669944,0.5042727272727272,0.35833333333333334,0.146954986760812,0.15188470066518847,0.7704545454545454,0.11742424242424243,0.22992424242424245,0.19267676767676767,0.14630681818181818,0.21666666666666667,0.5300177711652954,0.075,0.18819776714513556,0.271969696969697,0.2584991186099219,0.0,0.0,0.0,0.0,0.045454545454545456,0.5121951219512195,18
LAC,2023,0.2907884465261515,0.2760854341736695,0.4754285714285714,0.20575022461814915,0.21825396825396828,0.32166666666666666,0.2114121510673235,0.20785070785070786,0.5226666666666667,0.36193650793650795,0.1530282015718909,0.16608594657375142,0.6891428571428572,0.13571428571428573,0.23055555555555557,0.20026455026455028,0.181547619047619,0.2015873015873016,0.5304046327038329,0.05873015873015873,0.21553884711779447,0.2746031746031746,0.2698852394143253,0.0,0.0,0.0,0.0,0.0,0.5365853658536586,12
LAC,2024,0.24139344262295084,0.22996323529411766,0.44775,0.16415094339622643,0.19015151515151515,0.25630000000000003,0.17801724137931035,0.16846846846846847,0.5774,0.3407,0.11601941747572815,0.12235772357723576,0.65965,0.1408333333333333,0.20375000000000001,0.18166666666666667,0.1484375,0.24333333333333332,0.4981917533064477,0.08083333333333334,0.17192982456140352,0.2583333333333333,0.22022160664819945,0.0,0.0,0.0,0.0,0.0,0.6219512195121951,5
LAC,2025,0.26024590163934425,0.24411764705882355,0.48810000000000003,0.1877358490566038,0.19621212121212123,0.3015,0.18879310344827588,0.18243243243243243,0.5375,0.3769,0.12378640776699028,0.1317073170731707,0.76675,0.1325,0.21125,0.1847222222222222,0.151953125,0.24166666666666664,0.5483921476832461,0.06,0.18596491228070172,0.25083333333333335,0.23891966759002767,0.0,0.0,0.0,0.0,0.05,0.6097560975609756,8
LAL,2005,0.23206967213114754,0.24425551470588236,0.4065625,0.12617924528301888,0.1434659090909091,0.25475000000000003,0.1875,0.21311936936936937,0.420125,0.30404166666666665,0.1529126213592233,0.165650406504065,0.734125,0.175,0.21458333333333332,0.20069444444444445,0.12841796875,0.16458333333333333,0.4604497953423286,0.053125,0.19407894736842105,0.31354166666666666,0.21952908587257616,0.0,0.0,0.0,0.0,0.0,0.4146341463414634,22
LAL,2006,0.2278688524590164,0.22843137254901963,0.41373333333333334,0.09182389937106918,0.10656565656565657,0.20186666666666667,0.1988505747126437,0.2159159159159159,0.4355333333333334,0.2962666666666667,0.14627831715210354,0.16693766937669371,0.6321333333333333,0.1622222222222222,0.20666666666666667,0.19148148148148147,0.12552083333333333,0.2,0.4454115137149082,0.05999999999999999,0.18830409356725145,0.31222222222222223,0.2092336103416436,0.0,0.0,0.0,0.0,0.06666666666666667,0.5487804878048781,10
LAL,2007,0.2757611241217799,0.26365546218487396,0.4797142857142857,0.12129380053908356,0.13961038961038963,0.25671428571428573,0.2333743842364532,0.24034749034749034,0.5073571428571428,0.35123809523809524,0.16574202496532592,0.19047619047619047,0.6587857142857143,0.16666666666666666,0.2398809523809524,0.21547619047619046,0.1640625,0.2261904761904762,0.5134859041388681,0.07738095238095237,0.24561403508771926,0.35833333333333334,0.2520775623268698,0.0,0.0,0.07142857142857142,0.0,0.07142857142857142,0.5121951219512195,13
LAL,2008,0.26138433515482695,0.24632352941176475,0.45222222222222225,0.09748427672955975,0.10900673400673401,0.22761111111111113,0.2298850574712644,0.23698698698698697,0.4701666666666666,0.32525925925925925,0.1704422869471413,0.19241192411924116,0.6840555555555556,0.18518518518518517,0.24305555555555555,0.22314814814814815,0.1480034722222222,0.21481481481481482,0.4891461722355463,0.08981481481481482,0.19785575048732942,0.30833333333333335,0.23961218836565093,0.0,0.0,0.05555555555555555,0.05555555555555555,0.05555555555555555,0.6951219512195121,3
LAL,2009,0.26284153005464483,0.24926470588235297,0.4518666666666667,0.09811320754716982,0.10757575757575759,0.2828,0.2310344827586207,0.24084084084084087,0.4688,0.32964444444444446,0.14498381877022654,0.16043360433604334,0.7653333333333333,0.17333333333333334,0.21777777777777776,0.20222222222222222,0.14166666666666666,0.22888888888888886,0.4912963322776619,0.08222222222222221,0.19649122807017544,0.2922222222222222,0.2337950138504155,0.06666666666666667,0.0,0.06666666666666667,0.06666666666666667,0.06666666666666667,0.7926829268292683,2
LAL,2010,0.2805800756620429,0.2748868778280543,0.43446153846153845,0.10449927431059508,0.1212121212121212,0.26553846153846156,0.2486737400530504,0.26507276507276506,0.46176923076923077,0.31599999999999995,0.1590739357729649,0.1738586616635397,0.7044615384615385,0.1846153846153846,0.24166666666666667,0.22264957264957264,0.1466346153846154,0.21025641025641026,0.4695241720166562,0.07564102564102564,0.20377867746288797,0.2897435897435897,0.24994672917110589,0.0,0.0,0.07692307692307693,0.15384615384615385,0.15384615384615385,0.6951219512195121,3
LAL,2011,0.2576112412177986,0.2457983193277311,0.4416428571428571,0.08894878706199462,0.10335497835497835,0.24785714285714286,0.229064039408867,0.2384169884169884,0.4580714285714286,0.31766666666666665,0.1581137309292649,0.17131242740998837,0.7319285714285714,0.17857142857142858,0.21785714285714283,0.20515873015873015,0.13169642857142858,0.19523809523809524,0.47801226979951644,0.07857142857142856,0.18045112781954886,0.2761904761904762,0.23248911753066875,0.0,0.0,0.07142857142857142,0.21428571428571427,0.14285714285714285,0.6951219512195121,5
LAL,2012,0.2483124397299904,0.2448096885813149,0.4419411764705882,0.08102108768035517,0.10338680926916222,0.2644705882352941,0.2246450304259635,0.23820879703232645,0.4825294117647059,0.3196470588235294,0.1467732724157624,0.16116690578670492,0.7159411764705882,0.17352941176470588,0.22205882352941175,0.20588235294117646,0.15119485294117646,0.16862745098039217,0.4751844198693162,0.07745098039215687,0.22187822497420018,0.23823529411764705,0.22176959426429851,0.0,0.0,0.058823529411764705,0.17647058823529413,0.11764705882352941,0.6212121212121212,6
LAL,2013,0.26721311475409837,0.26838235294117646,0.4060666666666667,0.14213836477987424,0.1606060606060606,0.2688666666666667,0.21609195402298853,0.23423423423423423,0.43326666666666663,0.30631111111111115,0.15792880258899675,0.18970189701897017,0.6622,0.19222222222222218,0.24888888888888888,0.23148148148148148,0.165625,0.2,0.45161592681051754,0.07666666666666666,0.2350877192982456,0.27777777777777773,0.24635272391505078,0.0,0.0,0.2,0.06666666666666667,0.13333333333333333,0.5487804878048781,13
LAL,2014,0.29637618636755825,0.3028250773993808,0.4160526315789474,0.16881827209533268,0.18301435406698566,0.2898421052631579,0.23457350272232305,0.2622095779990517,0.43742105263157893,0.312280701754386,0.15636177823198774,0.17158750534873768,0.7120000000000001,0.1307017543859649,0.25087719298245614,0.2108187134502924,0.22327302631578946,0.25438596491228066,0.4663360169713774,0.07456140350877194,0.2982456140350877,0.3026315789473684,0.26971861787432566,0.0,0.0,0.05263157894736842,0.0,0.05263157894736842,0.32926829268292684,25
LAL,2015,0.28506375227686703,0.3112745098039216,0.41138888888888886,0.1320754716981132,0.15867003367003368,0.23144444444444445,0.24042145593869732,0.28803803803803807,0.4229444444444444,0.29933333333333334,0.17259978425026967,0.20686540198735318,0.6832777777777778,0.15462962962962962,0.2314814814814815,0.2052469135802469,0.16449652777777776,0.23333333333333334,0.45439770485425446,0.05277777777777778,0.24463937621832357,0.3194444444444444,0.26146506617420745,0.0,0.0,0.0,0.0,0.0,0.25609756097560976,27
LAL,2016,0.24043715846994537,0.2659313725490196,0.4179333333333333,0.12452830188679245,0.16464646464646465,0.20153333333333334,0.19597701149425287,0.22792792792792796,0.44420000000000004,0.30400000000000005,0.1605177993527508,0.17344173441734417,0.7547999999999999,0.15777777777777777,0.2361111111111111,0.21,0.11927083333333331,0.21333333333333332,0.4647591837167944,0.06333333333333332,0.19181286549707602,0.3044444444444444,0.2278855032317636,0.0,0.0,0.0,0.0,0.0,0.2073170731707317,29
LAL,2017,0.2622950819672132,0.26143790849673204,0.45272222222222225,0.13417190775681342,0.15698653198653198,0.26216666666666666,0.21455938697318008,0.22672672672672675,0.48761111111111116,0.32962962962962966,0.13160733549083062,0.14679313459801263,0.7346666666666667,0.1537037037037037,0.2185185185185185,0.19722222222222222,0.1401909722222222,0.24074074074074073,0.48618964490328814,0.0574074074074074,0.21052631578947367,0.2898148148148148,0.23453370267774698,0.0,0.0,0.0,0.0,0.0,0.3170731707317073,28
LAL,2018,0.2473919523099851,0.2466577540106952,0.4475,0.1569468267581475,0.18044077134986228,0.256,0.18926332288401254,0.19512694512694512,0.5188636363636364,0.33224242424242423,0.11694616063548101,0.1326681448632668,0.7003181818181818,0.12803030303030302,0.21553030303030304,0.18686868686868685,0.15980113636363635,0.21818181818181817,0.4925652098826346,0.06363636363636363,0.21531100478468898,0.27499999999999997,0.22399899269705364,0.0,0.0,0.045454545454545456,0.0,0.045454545454545456,0.4268292682926829,21
LAL,2019,0.2881147540983607,0.2792279411764706,0.4492999999999999,0.16037735849056606,0.19583333333333336,0.2484,0.22887931034482759,0.2259009009009009,0.50575,0.33516666666666667,0.13106796116504854,0.15691056910569104,0.6876,0.16333333333333333,0.26749999999999996,0.23333333333333334,0.175390625,0.225,0.4935231453754655,0.08166666666666667,0.22719298245614034,0.3091666666666667,0.25609418282548474,0.0,0.0,0.05,0.0,0.05,0.45121951219512196,20
LAL,2020,0.27641165755919855,0.26572712418300654,0.46044444444444443,0.16352201257861637,0.1994949494949495,0.33261111111111114,0.2159961685823755,0.2067067067067067,0.5268333333333334,0.3505185185185185,0.12189859762675297,0.13775971093044262,0.7078888888888889,0.1435185185185185,0.22037037037037038,0.19382716049382717,0.14973958333333334,0.22777777777777775,0.505708592221261,0.07592592592592592,0.20077972709551656,0.2759259259259259,0.24515235457063708,0.0,0.0,0.05555555555555555,0.0,0.05555555555555555,0.7323943661971831,3
LAL,2021,0.30276639344262296,0.28331801470588236,0.4776875,0.1804245283018868,0.2040719696969697,0.28631249999999997,0.23599137931034483,0.22606981981981983,0.5136875,0.36670833333333336,0.15594660194174756,0.17682926829268292,0.693875,0.15625,0.275,0.2361111111111111,0.166015625,0.22708333333333333,0.5335679862704262,0.090625,0.23135964912280702,0.3145833333333333,0.2754501385041551,0.0,0.0,0.125,0.125,0.125,0.5833333333333334,9
LAL,2022,0.24459016393442623,0.2425,0.42852,0.15924528301886792,0.20030303030303032,0.26872,0.18482758620689654,0.1781981981981982,0.50644,0.32671999999999995,0.12427184466019417,0.1411382113821138,0.6258400000000001,0.12733333333333333,0.22666666666666668,0.1928888888888889,0.129375,0.21466666666666664,0.479189243437863,0.078,0.1894736842105263,0.306,0.2242659279778393,0.0,0.0,0.08,0.0,0.04,0.4024390243902439,23
LAL,2023,0.27441197434069853,0.2618286445012788,0.43847826086956526,0.17391304347826086,0.2038866930171278,0.30934782608695655,0.20877061469265368,0.19898159028593812,0.47526086956521746,0.33840579710144925,0.14774166314900802,0.16224814422057263,0.6837391304347826,0.1398550724637681,0.24710144927536232,0.21111111111111108,0.1531929347826087,0.1782608695652174,0.49949392667284365,0.062318840579710134,0.18688024408848206,0.2543478260869565,0.2536432614717572,0.0,0.0,0.043478260869565216,0.0,0.043478260869565216,0.524390243902439,14
LAL,2024,0.29453551912568304,0.2735294117647059,0.453,0.189937106918239,0.21363636363636365,0.297,0.22413793103448276,0.2078078078078078,0.5429999999999999,0.3463111111111111,0.15145631067961166,0.16585365853658535,0.7156,0.12111111111111111,0.24388888888888888,0.20259259259259257,0.1890625,0.22888888888888886,0.510259225678754,0.07777777777777777,0.2,0.25,0.27017543859649124,0.0,0.0,0.0,0.0,0.06666666666666667,0.573170731707317,13
LAL,2025,0.255880256593015,0.24664322250639387,0.4755217391304348,0.18621821164889257,0.21541501976284588,0.2618695652173913,0.18365817091454276,0.17410889150019584,0.5333913043478261,0.35910144927536236,0.13972140143520473,0.1519971721456345,0.6800434782608695,0.14130434782608695,0.22210144927536232,0.1963768115942029,0.15964673913043476,0.20869565217391303,0.523022916625186,0.06666666666666667,0.18993135011441648,0.26014492753623186,0.24039503793809464,0.0,0.0,0.0,0.043478260869565216,0.08695652173913043,0.6097560975609756,9
MEM,2005,0.2546838407494145,0.2557773109243698,0.4427142857142857,0.1051212938005391,0.12121212121212122,0.2357857142857143,0.21921182266009853,0.2422779922779923,0.469,0.31995238095238093,0.1685159500693481,0.1887340301974448,0.7374999999999999,0.16904761904761906,0.21428571428571427,0.19920634920634922,0.14453125,0.25952380952380955,0.4859919677102962,0.09047619047619047,0.2255639097744361,0.3630952380952381,0.23545706371191136,0.0,0.0,0.0,0.0,0.0,0.5487804878048781,12
MEM,2006,0.22387295081967215,0.22495404411764708,0.4785625,0.11556603773584906,0.12547348484848486,0.2345,0.18265086206896552,0.20157657657657657,0.492375,0.34470833333333334,0.13652912621359223,0.16107723577235772,0.657375,0.13229166666666667,0.1875,0.1684027777777778,0.1298828125,0.19583333333333333,0.5057577689062852,0.06458333333333333,0.1918859649122807,0.303125,0.20740997229916897,0.0,0.0,0.0,0.0625,0.0,0.5975609756097561,7
MEM,2007,0.2391513982642237,0.233780276816609,0.4242941176470588,0.09433962264150944,0.10383244206773619,0.22405882352941178,0.20943204868154158,0.22602013778484367,0.44782352941176473,0.3047843137254902,0.1810394060536836,0.19703491152558583,0.7149411764705882,0.15784313725490196,0.2068627450980392,0.19117647058823528,0.14338235294117646,0.22549019607843135,0.4735161648873736,0.06764705882352942,0.23632610939112486,0.33333333333333337,0.2269838683395796,0.0,0.0,0.0,0.058823529411764705,0.0,0.2682926829268293,30
MEM,2008,0.2385677308024159,0.2391640866873065,0.4196315789473684,0.1012909632571996,0.12121212121212122,0.2159473684210526,0.20417422867513613,0.22072072072072074,0.4544736842105263,0.3040701754385965,0.14256515074092999,0.1677364142062473,0.6647894736842105,0.15438596491228068,0.21798245614035086,0.197953216374269,0.1225328947368421,0.16666666666666666,0.45266105563846165,0.06315789473684211,0.2077562326869806,0.2912280701754386,0.21562910045196093,0.0,0.0,0.0,0.0,0.0,0.2682926829268293,27
MEM,2009,0.234192037470726,0.23214285714285715,0.44657142857142856,0.07142857142857144,0.08062770562770563,0.19957142857142857,0.21490147783251232,0.23584298584298585,0.46314285714285713,0.3136190476190476,0.1567267683772538,0.1806039488966318,0.7179285714285715,0.15357142857142855,0.2,0.18492063492063493,0.11774553571428571,0.21190476190476187,0.4784305010805517,0.07142857142857142,0.21052631578947367,0.31428571428571433,0.21408785120696477,0.0,0.0,0.0,0.07142857142857142,0.0,0.2926829268292683,25
MEM,2010,0.2617827868852459,0.25183823529411764,0.440625,0.05778301886792453,0.07007575757575758,0.202375,0.24946120689655174,0.26632882882882886,0.46225,0.30483333333333335,0.1565533980582524,0.18495934959349591,0.7006875,0.175,0.20416666666666666,0.19375,0.13134765625,0.22916666666666666,0.4616615344291513,0.06666666666666667,0.22368421052631576,0.284375,0.2297437673130194,0.0,0.0,0.0,0.0,0.0,0.4878048780487805,18
MEM,2011,0.2308743169398907,0.22426470588235295,0.43222222222222223,0.05555555555555555,0.06860269360269361,0.17777777777777778,0.21791187739463602,0.233983983983984,0.46111111111111114,0.300962962962963,0.13052858683926644,0.14859981933152666,0.6823333333333333,0.14629629629629629,0.18055555555555555,0.1691358024691358,0.125,0.23148148148148145,0.45687303821445024,0.06481481481481483,0.17738791423001948,0.2675925925925926,0.2002154509079717,0.0,0.0,0.0,0.05555555555555555,0.0,0.5609756097560976,11
MEM,2012,0.2341188524590164,0.24080882352941177,0.42425,0.06485849056603774,0.08333333333333334,0.2103125,0.21605603448275862,0.24521396396396397,0.452625,0.30225,0.12924757281553398,0.14380081300813008,0.7155625,0.175,0.19114583333333332,0.18472222222222223,0.1181640625,0.2520833333333333,0.4544773281630996,0.06249999999999999,0.19846491228070173,0.27083333333333337,0.20481301939058172,0.0,0.0,0.0,0.0625,0.0625,0.6212121212121212,7
MEM,2013,0.22907679033649697,0.2347136222910217,0.4358421052631579,0.0804369414101291,0.09409888357256778,0.24642105263157896,0.2046279491833031,0.23186344238975817,0.47094736842105267,0.3171578947368421,0.11752682677567705,0.12965340179717585,0.713421052631579,0.16403508771929826,0.19078947368421054,0.18128654970760236,0.1171875,0.20877192982456141,0.4707167773997663,0.07017543859649122,0.18005540166204986,0.2736842105263158,0.19973757107450063,0.0,0.0,0.0,0.15789473684210525,0.0,0.6829268292682927,6
MEM,2014,0.25458052073288334,0.24891868512110726,0.4588235294117647,0.08546059933407325,0.10115864527629234,0.3158823529411765,0.22768762677484786,0.2450980392156863,0.4821764705882354,0.33250980392156865,0.12335808109651628,0.13773314203730272,0.7305294117647059,0.15490196078431373,0.2014705882352941,0.184640522875817,0.14200367647058823,0.2176470588235294,0.49185219231820093,0.06372549019607843,0.19504643962848295,0.27156862745098037,0.2198142414860681,0.0,0.058823529411764705,0.058823529411764705,0.17647058823529413,0.058823529411764705,0.6097560975609756,9
MEM,2015,0.22996357012750457,0.2303921568627451,0.4280555555555556,0.07756813417190776,0.09427609427609428,0.24283333333333335,0.20641762452107282,0.22622622622622623,0.45883333333333337,0.30525925925925923,0.133764832793959,0.14543812104787712,0.6989444444444444,0.137037037037037,0.19444444444444445,0.175,0.12369791666666667,0.24074074074074073,0.461245876873712,0.05185185185185185,0.17348927875243664,0.26296296296296295,0.2051400430901816,0.0,0.0,0.05555555555555555,0.05555555555555555,0.0,0.6707317073170732,5
MEM,2016,0.2534153005464481,0.2639399509803922,0.42920833333333336,0.09512578616352202,0.12058080808080808,0.25758333333333333,0.22306034482758622,0.253003003003003,0.4564166666666667,0.3086111111111111,0.14724919093851133,0.16632791327913277,0.73625,0.17222222222222225,0.2079861111111111,0.19606481481481483,0.15006510416666666,0.26805555555555555,0.4675898349907524,0.06736111111111111,0.19883040935672514,0.3159722222222222,0.22749307479224376,0.0,0.0,0.041666666666666664,0.08333333333333333,0.041666666666666664,0.5121951219512195,15
MEM,2017,0.24252651880424303,0.252378892733564,0.42476470588235293,0.13429522752497225,0.16399286987522282,0.25941176470588234,0.19320486815415822,0.212241653418124,0.46705882352941175,0.3144313725490196,0.1427755568246716,0.15494978479196556,0.7476470588235294,0.14215686274509803,0.21715686274509804,0.19215686274509802,0.13694852941176472,0.22745098039215686,0.47762261637555586,0.05980392156862745,0.18575851393188855,0.3235294117647059,0.2245396773667916,0.0,0.0,0.0,0.058823529411764705,0.0,0.524390243902439,12
MEM,2018,0.2672843905915894,0.27797314578005117,0.4393913043478261,0.1616078753076292,0.18544137022397894,0.26460869565217393,0.20802098950524736,0.23012142577359967,0.4781739130434782,0.3259130434782609,0.13634444913465596,0.15022976316719688,0.6867826086956521,0.13623188405797101,0.20615942028985507,0.18285024154589372,0.16949728260869565,0.27246376811594203,0.4824112110748838,0.06739130434782607,0.23188405797101447,0.33188405797101445,0.24364687462363002,0.0,0.0,0.0,0.0,0.0,0.2682926829268293,29
MEM,2019,0.26697892271662765,0.2690388655462185,0.44010714285714286,0.15026954177897575,0.18722943722943725,0.26010714285714287,0.2136699507389163,0.217985842985843,0.5081428571428571,0.32642857142857146,0.14112343966712898,0.1530197444831591,0.7188214285714285,0.13154761904761905,0.2261904761904762,0.19444444444444445,0.1484375,0.23214285714285715,0.48502625362837243,0.07261904761904761,0.19736842105263158,0.3208333333333333,0.2430747922437673,0.0,0.0,0.0,0.0,0.0,0.4024390243902439,23
MEM,2020,0.25450819672131153,0.24595588235294116,0.46094999999999997,0.17547169811320756,0.19204545454545457,0.37385,0.18663793103448276,0.1876126126126126,0.5014000000000001,0.35683333333333334,0.12087378640776698,0.13130081300813007,0.75625,0.13333333333333333,0.22666666666666666,0.1961111111111111,0.145703125,0.20833333333333331,0.524286694139997,0.06833333333333333,0.18859649122807015,0.26666666666666666,0.23130193905817173,0.0,0.0,0.0,0.0,0.0,0.4657534246575342,16
MEM,2021,0.2830279652844745,0.28395328719723184,0.43717647058823533,0.17647058823529413,0.2130124777183601,0.3165294117647059,0.21805273833671399,0.22151563328033919,0.5108235294117647,0.3341960784313725,0.13934894346087948,0.1516021042563367,0.7707058823529412,0.1588235294117647,0.25392156862745097,0.2222222222222222,0.1714154411764706,0.2588235294117647,0.4981159133311335,0.08431372549019608,0.18988648090815272,0.28627450980392155,0.257943620661561,0.0,0.0,0.0,0.0,0.0,0.5277777777777778,15
MEM,2022,0.2745901639344262,0.27328431372549017,0.4292777777777778,0.16771488469601678,0.20370370370370372,0.27727777777777773,0.21312260536398467,0.21421421421421422,0.5302222222222223,0.3264444444444445,0.12243797195253506,0.1422764227642276,0.6078333333333333,0.17685185185185184,0.2138888888888889,0.20123456790123456,0.1540798611111111,0.24629629629629632,0.47359051326123425,0.07777777777777778,0.17348927875243664,0.2611111111111111,0.24561403508771928,0.0,0.0,0.0,0.0,0.0,0.6829268292682927,2
MEM,2023,0.27868852459016397,0.26509287925696595,0.4568947368421053,0.19563058589870902,0.21850079744816592,0.29857894736842105,0.20372050816696916,0.19535324798482692,0.49978947368421056,0.3543859649122807,0.12365866121614716,0.14334617030380828,0.6498947368421053,0.16491228070175437,0.2421052631578947,0.2160818713450292,0.18174342105263155,0.2631578947368421,0.5095144129271517,0.07105263157894737,0.2012927054478301,0.30350877192982456,0.25149438693687126,0.0,0.0,0.05263157894736842,0.05263157894736842,0.05263157894736842,0.6219512195121951,6
MEM,2024,0.2722848360655738,0.28825827205882354,0.40803125,0.1839622641509434,0.23295454545454547,0.27240625,0.20150862068965517,0.2146677927927928,0.46809375,0.3123958333333333,0.12014563106796117,0.13846544715447154,0.63678125,0.18437499999999998,0.24192708333333335,0.2232638888888889,0.18310546875,0.25937499999999997,0.45345379164887234,0.08333333333333333,0.2220394736842105,0.3015625,0.24532548476454294,0.0,0.03125,0.03125,0.03125,0.0,0.32926829268292684,24
MEM,2025,0.2923497267759563,0.27961601307189543,0.4689444444444445,0.21488469601677151,0.24116161616161616,0.3308888888888889,0.2092911877394636,0.1991991991991992,0.5565,0.3645555555555555,0.14455231930960086,0.15311653116531165,0.7851666666666666,0.175,0.23333333333333334,0.21481481481481482,0.18272569444444445,0.2444444444444444,0.5347928738647509,0.07314814814814814,0.21637426900584794,0.28055555555555556,0.26946752847029853,0.0,0.0,0.0,0.0,0.0,0.5853658536585366,12
MIA,2005,0.2515368852459017,0.23851102941176472,0.44975,0.07900943396226416,0.0928030303030303,0.163875,0.22844827586206898,0.23676801801801803,0.48262499999999997,0.31966666666666665,0.1486650485436893,0.18546747967479674,0.7195625,0.15625,0.21979166666666666,0.19861111111111113,0.1318359375,0.22083333333333333,0.4724846407634463,0.08645833333333333,0.1962719298245614,0.321875,0.2238573407202216,0.0,0.0,0.0,0.0,0.0,0.7195121951219512,2
MIA,2006,0.2489754098360656,0.24126838235294118,0.4438125,0.09669811320754718,0.11221590909090909,0.20825,0.21767241379310345,0.22804054054054054,0.4628125,0.32137499999999997,0.15837378640776698,0.19105691056910568,0.761,0.14583333333333334,0.2328125,0.20277777777777778,0.13427734375,0.17291666666666666,0.4838694480015738,0.07604166666666666,0.2094298245614035,0.3458333333333333,0.22853185595567865,0.0,0.0,0.125,0.125,0.125,0.6341463414634146,5
MIA,2007,0.26793032786885246,0.2610294117647059,0.4365625,0.10849056603773587,0.1268939393939394,0.195125,0.2322198275862069,0.24380630630630631,0.4700625,0.31783333333333336,0.1553398058252427,0.19004065040650406,0.7311875,0.14687499999999998,0.22239583333333332,0.19652777777777777,0.14794921875,0.21458333333333332,0.47504858029078983,0.075,0.2182017543859649,0.31875,0.2411703601108033,0.0,0.0,0.0625,0.1875,0.125,0.5365853658536586,11
MIA,2008,0.2671385991058122,0.272225935828877,0.43572727272727274,0.10634648370497429,0.12706611570247933,0.23831818181818185,0.23236677115987459,0.25798525798525795,0.4541363636363636,0.3171818181818182,0.1579876434245366,0.18699186991869918,0.7317272727272727,0.17196969696969697,0.24886363636363634,0.22272727272727275,0.14240056818181818,0.2484848484848485,0.47845536846081393,0.08712121212121211,0.24162679425837322,0.3621212121212121,0.24175270712666833,0.0,0.0,0.09090909090909091,0.13636363636363635,0.045454545454545456,0.18292682926829268,30
MIA,2009,0.24271402550091078,0.24223856209150327,0.4286111111111111,0.10272536687631029,0.11952861952861954,0.22438888888888886,0.2078544061302682,0.22672672672672675,0.4537222222222222,0.31662962962962965,0.12675296655879179,0.14453477868112014,0.7020555555555555,0.14166666666666666,0.22083333333333333,0.19382716049382717,0.12630208333333334,0.2296296296296296,0.4715761439330536,0.08333333333333333,0.18226120857699804,0.312962962962963,0.2152970144659895,0.0,0.0,0.0,0.0,0.0,0.524390243902439,14
MIA,2010,0.24590163934426232,0.2504901960784314,0.41773333333333335,0.10566037735849057,0.12323232323232323,0.21493333333333334,0.21034482758620687,0.23363363363363365,0.4276666666666667,0.3096888888888889,0.13203883495145632,0.15121951219512195,0.6358666666666667,0.1633333333333333,0.22222222222222224,0.20296296296296296,0.12447916666666667,0.2111111111111111,0.4549558131251113,0.07555555555555556,0.19064327485380114,0.33444444444444443,0.21920590951061864,0.0,0.0,0.06666666666666667,0.06666666666666667,0.06666666666666667,0.573170731707317,13
MIA,2011,0.233847637415622,0.2212370242214533,0.45735294117647063,0.10543840177580466,0.11229946524064172,0.20941176470588235,0.1977687626774848,0.20402755696873345,0.466,0.3367843137254902,0.15019988577955454,0.1645145863223338,0.7001176470588235,0.14313725490196078,0.2392156862745098,0.20718954248366012,0.11902573529411764,0.17450980392156865,0.5016186924776548,0.06274509803921569,0.19504643962848298,0.30490196078431375,0.21622942805931236,0.058823529411764705,0.0,0.17647058823529413,0.11764705882352941,0.11764705882352941,0.7073170731707317,3
MIA,2012,0.24972677595628415,0.2411764705882353,0.4440666666666667,0.08805031446540881,0.09747474747474748,0.19873333333333332,0.22413793103448273,0.23723723723723725,0.46213333333333334,0.3226222222222222,0.15016181229773462,0.16531165311653115,0.7173999999999999,0.15777777777777777,0.22055555555555553,0.2,0.12552083333333333,0.23999999999999996,0.4801794614491877,0.08,0.21871345029239767,0.29444444444444445,0.22419205909510617,0.0,0.0,0.13333333333333333,0.13333333333333333,0.13333333333333333,0.696969696969697,4
MIA,2013,0.23668032786885249,0.2141544117647059,0.465,0.12146226415094341,0.12642045454545456,0.283625,0.19234913793103448,0.18778153153153154,0.5113125,0.35008333333333336,0.12378640776699029,0.13770325203252032,0.6745625,0.10729166666666666,0.1984375,0.16875,0.1328125,0.2125,0.5143994495192912,0.07708333333333332,0.18311403508771928,0.2583333333333333,0.21312326869806095,0.0625,0.0,0.125,0.125,0.125,0.8048780487804879,1
MIA,2014,0.2566598360655738,0.23253676470588236,0.4755625,0.1320754716981132,0.14488636363636365,0.30743750000000003,0.2095905172413793,0.1990427927927928,0.50775,0.36133333333333334,0.13531553398058252,0.15040650406504064,0.7618125,0.11354166666666667,0.2,0.17118055555555556,0.138671875,0.24375,0.5299222019471362,0.059375,0.2006578947368421,0.28854166666666664,0.23147506925207756,0.0625,0.0,0.125,0.125,0.125,0.6585365853658537,6
MIA,2015,0.24746291959406713,0.24807422969187676,0.4308571428571429,0.12578616352201258,0.14862914862914864,0.30804761904761907,0.20402298850574713,0.21535821535821537,0.454,0.324984126984127,0.13453536754507628,0.15253581107239644,0.6966666666666667,0.1253968253968254,0.2126984126984127,0.18386243386243387,0.13095238095238093,0.23015873015873015,0.4803412838478276,0.06428571428571428,0.2130325814536341,0.3182539682539683,0.2242448225827727,0.0,0.0,0.047619047619047616,0.0,0.047619047619047616,0.45121951219512196,21
MIA,2016,0.2843237704918033,0.2741268382352941,0.44956250000000003,0.11438679245283019,0.13683712121212122,0.2635625,0.24622844827586207,0.2545045045045045,0.4873125,0.328,0.15230582524271843,0.1686991869918699,0.7604375,0.14270833333333333,0.2578125,0.21805555555555556,0.16357421875,0.22291666666666665,0.49509796150951807,0.09166666666666666,0.22149122807017543,0.3020833333333333,0.251904432132964,0.0,0.0,0.0,0.0625,0.0,0.5853658536585366,10
MIA,2017,0.2961748633879782,0.30343137254901964,0.4360666666666667,0.169811320754717,0.19444444444444448,0.2925333333333333,0.23448275862068965,0.25705705705705706,0.4704666666666667,0.32822222222222225,0.13592233009708737,0.16205962059620596,0.7000666666666666,0.16555555555555557,0.2594444444444444,0.22814814814814813,0.16354166666666667,0.24222222222222223,0.4836898171266165,0.08222222222222222,0.21286549707602337,0.33555555555555555,0.2644506001846722,0.0,0.0,0.0,0.06666666666666667,0.0,0.5,17
MIA,2018,0.26001821493624777,0.2645016339869281,0.42083333333333334,0.16561844863731656,0.19654882154882156,0.33261111111111114,0.1977969348659004,0.20695695695695696,0.4524444444444444,0.3247037037037037,0.11596548004314994,0.12917795844625113,0.6833333333333333,0.13703703703703704,0.23425925925925928,0.20092592592592592,0.1427951388888889,0.20185185185185184,0.47669535894347903,0.07962962962962963,0.1949317738791423,0.2833333333333333,0.23299476762080637,0.0,0.0,0.0,0.05555555555555555,0.0,0.5365853658536586,15
MIA,2019,0.2873975409836066,0.294577205882353,0.42625,0.20754716981132076,0.24526515151515152,0.27925,0.20743534482758622,0.21537162162162163,0.5066875,0.32675,0.12075242718446601,0.1453252032520325,0.6570625,0.15,0.2526041666666667,0.21875,0.16601562499999997,0.23541666666666666,0.4756834718884967,0.07083333333333333,0.21162280701754385,0.303125,0.25882963988919666,0.0,0.0,0.0,0.0,0.0,0.47560975609756095,18
MIA,2020,0.25409836065573776,0.25680147058823527,0.45145,0.2141509433962264,0.23219696969696973,0.2839,0.16939655172413795,0.1765765765765766,0.51115,0.35026666666666667,0.13640776699029125,0.15040650406504064,0.6198,0.12083333333333332,0.26416666666666666,0.21638888888888888,0.15625,0.21166666666666667,0.513254589636408,0.07166666666666667,0.20087719298245613,0.30833333333333335,0.24265927977839336,0.0,0.0,0.0,0.0,0.0,0.6027397260273972,9
MIA,2021,0.2639344262295082,0.2560661764705882,0.4665,0.20943396226415095,0.23712121212121212,0.35055000000000003,0.18189655172413793,0.17274774774774776,0.5185500000000001,0.3708,0.13495145631067962,0.14918699186991868,0.69065,0.11833333333333333,0.23916666666666667,0.19944444444444445,0.168359375,0.23666666666666666,0.535746091195281,0.06083333333333333,0.21140350877192984,0.31999999999999995,0.24736842105263154,0.0,0.0,0.05,0.05,0.05,0.5555555555555556,13
MIA,2022,0.2496274217585693,0.24247994652406418,0.4485909090909091,0.20497427101200688,0.209366391184573,0.32695454545454544,0.16927899686520378,0.1726044226044226,0.4735,0.3525151515151515,0.1293027360988526,0.13636363636363635,0.7300909090909091,0.13484848484848483,0.21553030303030302,0.1898989898989899,0.1484375,0.17878787878787877,0.52140394697321,0.04621212121212121,0.18181818181818182,0.26818181818181813,0.23558297658020647,0.0,0.0,0.0,0.09090909090909091,0.045454545454545456,0.6463414634146342,4
MIA,2023,0.26024590163934425,0.2545955882352941,0.458,0.17830188679245282,0.21477272727272728,0.28475,0.19008620689655173,0.18400900900900902,0.5472,0.34913333333333335,0.14563106796116504,0.14959349593495935,0.7476,0.15083333333333332,0.22833333333333333,0.20222222222222222,0.144140625,0.2333333333333333,0.5167016277838146,0.05166666666666666,0.18596491228070175,0.3075,0.24293628808864262,0.0,0.0,0.0,0.05,0.0,0.5365853658536586,13
MIA,2024,0.2842968075927524,0.2803792569659443,0.4453157894736842,0.21747765640516384,0.24242424242424243,0.3503684210526316,0.1987295825771325,0.19962067330488384,0.528,0.3485614035087719,0.1440981093510475,0.14634146341463414,0.8154210526315789,0.13596491228070176,0.23333333333333334,0.20058479532163745,0.18832236842105263,0.243859649122807,0.5181491348073655,0.04912280701754385,0.17820867959372114,0.26228070175438595,0.2650532147543374,0.0,0.0,0.05263157894736842,0.10526315789473684,0.05263157894736842,0.5609756097560976,16
MIA,2025,0.2894736842105263,0.28076625386996906,0.46557894736842104,0.22442899702085403,0.24282296650717705,0.3688421052631579,0.20235934664246824,0.1981981981981982,0.5252105263157895,0.36543859649122806,0.14716402657128258,0.157466837826273,0.775421052631579,0.15964912280701754,0.24166666666666667,0.21403508771929824,0.18749999999999997,0.2736842105263158,0.5364827074394022,0.06666666666666667,0.20221606648199444,0.25263157894736843,0.2710307625018224,0.0,0.0,0.0,0.05263157894736842,0.0,0.45121951219512196,20
MIL,2005,0.2317850637522769,0.2363153594771242,0.4250555555555555,0.07651991614255765,0.08164983164983165,0.2273888888888889,0.20833333333333334,0.24149149149149152,0.42816666666666664,0.3044814814814815,0.15533980582524273,0.17073170731707316,0.6769444444444445,0.16018518518518518,0.19907407407407407,0.18580246913580248,0.13758680555555555,0.19259259259259257,0.47154660052642544,0.04814814814814814,0.1861598440545809,0.32685185185185184,0.21268082486919052,0.0,0.0,0.0,0.0,0.0,0.36585365853658536,25
MIL,2006,0.28961748633879786,0.2873774509803922,0.45075,0.1147798742138365,0.12121212121212122,0.23324999999999999,0.25,0.2792792792792793,0.4698333333333333,0.3235,0.18042071197411003,0.20189701897018966,0.7275833333333334,0.18333333333333332,0.23750000000000002,0.21944444444444444,0.16927083333333334,0.2388888888888889,0.49025106421264963,0.05138888888888888,0.23684210526315788,0.37916666666666665,0.26385041551246535,0.0,0.0,0.0,0.0,0.0,0.4878048780487805,17
MIL,2007,0.27459016393442626,0.2663143382352941,0.4454375,0.11084905660377359,0.12642045454545456,0.2425,0.23599137931034483,0.25225225225225223,0.4658125,0.3214166666666667,0.1486650485436893,0.16768292682926828,0.682125,0.16458333333333333,0.20625000000000002,0.1920138888888889,0.14990234375,0.20833333333333331,0.47513111541552533,0.03854166666666666,0.2269736842105263,0.33229166666666665,0.24359418282548476,0.0,0.0,0.0,0.0,0.0,0.34146341463414637,28
MIL,2008,0.2763466042154567,0.2762605042016807,0.44657142857142856,0.08894878706199462,0.10281385281385282,0.19842857142857143,0.24876847290640394,0.2776705276705277,0.4645,0.3137619047619048,0.15742024965325935,0.18408826945412307,0.7032857142857143,0.20714285714285713,0.225,0.21825396825396828,0.17633928571428573,0.21904761904761902,0.4711569137826101,0.06785714285714285,0.24060150375939848,0.34285714285714286,0.2453502176493866,0.0,0.0,0.0,0.0,0.0,0.3170731707317073,24
MIL,2009,0.2497589199614272,0.25,0.4517058823529412,0.11320754716981134,0.12210338680926919,0.28970588235294115,0.2114604462474645,0.23343932167461579,0.4446470588235294,0.33525490196078434,0.1473443746430611,0.15829746532759445,0.655,0.16372549019607843,0.20441176470588235,0.19019607843137254,0.14154411764705882,0.20588235294117646,0.49732676615368954,0.05098039215686274,0.20123839009287925,0.3362745098039216,0.2276356525989897,0.0,0.0,0.0,0.0,0.0,0.4146341463414634,20
MIL,2010,0.24772313296903464,0.2628676470588236,0.40894444444444444,0.11530398322851153,0.13762626262626265,0.227,0.20737547892720307,0.23973973973973972,0.44261111111111107,0.2972962962962963,0.12998921251348436,0.14317976513098463,0.7135,0.15555555555555556,0.19907407407407407,0.18549382716049384,0.12586805555555555,0.19444444444444445,0.4447855492468437,0.054629629629629625,0.17446393762183235,0.30092592592592593,0.22099107417666974,0.0,0.0,0.0,0.0,0.0,0.5609756097560976,14
MIL,2011,0.25973360655737704,0.2720588235294118,0.429875,0.09905660377358491,0.12073863636363637,0.216625,0.2273706896551724,0.26182432432432434,0.4524375,0.3085,0.14502427184466019,0.15904471544715446,0.7395625,0.16666666666666669,0.22604166666666667,0.20590277777777777,0.13037109375,0.22499999999999998,0.4643367483057048,0.07395833333333333,0.18969298245614036,0.31354166666666666,0.23112880886426593,0.0,0.0,0.0,0.125,0.0625,0.4268292682926829,21
MIL,2012,0.2733847637415622,0.28308823529411764,0.424,0.09544950055493896,0.11853832442067738,0.24594117647058825,0.2449290060851927,0.276894541600424,0.452,0.29905882352941177,0.13992004568817817,0.15399330463892874,0.6873529411764706,0.17941176470588235,0.23284313725490194,0.21535947712418302,0.16544117647058823,0.24509803921568624,0.44950354479302707,0.08725490196078432,0.22187822497420018,0.30196078431372547,0.23871598500896204,0.0,0.0,0.0,0.058823529411764705,0.0,0.4696969696969697,19
MIL,2013,0.24362477231329693,0.2506127450980392,0.4286111111111111,0.10167714884696018,0.11616161616161616,0.2738333333333334,0.21024904214559387,0.23848848848848847,0.44555555555555554,0.3051111111111111,0.10787486515641855,0.12782294489611562,0.608,0.17685185185185187,0.20879629629629629,0.19876543209876543,0.1384548611111111,0.21481481481481482,0.4503457888364978,0.08518518518518518,0.19103313840155944,0.26944444444444443,0.21068020929516773,0.0,0.0,0.0,0.0,0.0,0.4634146341463415,18
MIL,2014,0.279143897996357,0.2843137254901961,0.4482222222222222,0.1090146750524109,0.1245791245791246,0.19299999999999998,0.24425287356321843,0.2742742742742743,0.4630555555555556,0.31877777777777777,0.15695792880258896,0.17931345980126465,0.7358333333333333,0.19907407407407407,0.23564814814814813,0.2234567901234568,0.15104166666666666,0.2037037037037037,0.4779261876464459,0.08148148148148147,0.22709551656920077,0.32962962962962966,0.2497691597414589,0.0,0.0,0.0,0.05555555555555555,0.0,0.18292682926829268,30
MIL,2015,0.25122950819672135,0.2481617647058824,0.4518,0.09150943396226416,0.10643939393939394,0.1873,0.22284482758620688,0.240990990990991,0.48615,0.3221,0.11941747572815534,0.13455284552845528,0.7072,0.15333333333333332,0.20916666666666667,0.1902777777777778,0.157421875,0.2816666666666666,0.4730666723325158,0.06916666666666667,0.2307017543859649,0.31166666666666665,0.21717451523545708,0.0,0.0,0.0,0.0,0.0,0.5,15
MIL,2016,0.24349083895853424,0.24416089965397922,0.42176470588235293,0.10321864594894561,0.12477718360071301,0.2907058823529412,0.20892494929006086,0.22549019607843138,0.4287058823529412,0.31462745098039213,0.1307824100513992,0.14395026303204206,0.7728235294117647,0.12549019607843137,0.21078431372549017,0.1823529411764706,0.15349264705882354,0.22352941176470587,0.47141325397510203,0.07058823529411765,0.21775025799793601,0.29705882352941176,0.2163923741241649,0.0,0.0,0.0,0.0,0.0,0.4024390243902439,22
MIL,2017,0.26946721311475413,0.2580422794117647,0.4553125,0.1403301886792453,0.15577651515151517,0.286875,0.21875,0.22325450450450451,0.501375,0.34320833333333334,0.14138349514563106,0.15447154471544713,0.73525,0.11979166666666666,0.22708333333333333,0.19131944444444443,0.15966796875,0.22916666666666666,0.5067165848724188,0.07916666666666666,0.21052631578947367,0.3,0.24272853185595566,0.0,0.0,0.0,0.0,0.0,0.5121951219512195,14
MIL,2018,0.2395678092399404,0.22777406417112298,0.4456818181818182,0.13036020583190397,0.14703856749311295,0.27004545454545453,0.19318181818181818,0.19205569205569206,0.4911818181818182,0.33715151515151515,0.12003530450132391,0.1278640059127864,0.7288181818181818,0.1212121212121212,0.20454545454545456,0.17626262626262626,0.13352272727272727,0.20606060606060606,0.5075678632606098,0.05757575757575757,0.17065390749601275,0.2765151515151515,0.214429614706623,0.0,0.0,0.045454545454545456,0.0,0.045454545454545456,0.5365853658536586,16
MIL,2019,0.238822652757079,0.23663101604278075,0.4147727272727273,0.18867924528301885,0.22038567493112948,0.3442727272727273,0.16418495297805644,0.15970515970515972,0.46636363636363637,0.33466666666666667,0.1116504854368932,0.12269031781226904,0.7234545454545455,0.12045454545454545,0.25795454545454544,0.21186868686868687,0.14701704545454544,0.18484848484848485,0.4922740623737614,0.06893939393939394,0.17384370015948963,0.23939393939393938,0.22148073533115084,0.0,0.0,0.045454545454545456,0.0,0.045454545454545456,0.7317073170731707,1
MIL,2020,0.2709739633558342,0.257136678200692,0.45888235294117646,0.1986681465038846,0.22816399286987524,0.329,0.19523326572008115,0.17912029676735558,0.5585882352941177,0.3597254901960784,0.13306681896059394,0.15208034433285508,0.7314705882352941,0.12352941176470589,0.2784313725490196,0.22679738562091503,0.16544117647058823,0.1941176470588235,0.5225560947204475,0.07549019607843137,0.20330237358101136,0.2745098039215686,0.2501222095486394,0.058823529411764705,0.0,0.058823529411764705,0.058823529411764705,0.058823529411764705,0.7671232876712328,1
MIL,2021,0.261904761904762,0.25157563025210083,0.450952380952381,0.20305480682839175,0.22005772005772006,0.38323809523809527,0.1839080459770115,0.1773916773916774,0.4867142857142857,0.3604126984126984,0.11974110032362459,0.13124274099883854,0.7548571428571429,0.14523809523809522,0.2369047619047619,0.20687830687830686,0.14694940476190477,0.19047619047619047,0.5279365011641026,0.05952380952380952,0.19548872180451124,0.2507936507936508,0.2413929560743965,0.047619047619047616,0.047619047619047616,0.047619047619047616,0.09523809523809523,0.047619047619047616,0.6388888888888888,7
MIL,2022,0.2323455233291299,0.23161764705882354,0.4295,0.18432510885341075,0.20833333333333334,0.32923076923076927,0.16047745358090187,0.16025641025641027,0.4809230769230769,0.3385897435897436,0.11426437640029873,0.12664165103189493,0.7266153846153846,0.15,0.21923076923076923,0.19572649572649573,0.13371394230769232,0.2012820512820513,0.49480888173791204,0.05192307692307692,0.15519568151147098,0.25256410256410255,0.21691881525676537,0.0,0.0,0.038461538461538464,0.07692307692307693,0.038461538461538464,0.6219512195121951,7
MIL,2023,0.2607338017174083,0.25227591036414565,0.441952380952381,0.22102425876010784,0.24062049062049065,0.34171428571428575,0.17446633825944172,0.16623766623766625,0.5281904761904762,0.3572063492063492,0.1234396671289875,0.13627564847077042,0.7987619047619048,0.14444444444444443,0.2361111111111111,0.20608465608465606,0.15736607142857142,0.15873015873015872,0.5239095249165071,0.05555555555555556,0.19799498746867167,0.24285714285714283,0.24350349558105788,0.0,0.0,0.047619047619047616,0.09523809523809523,0.047619047619047616,0.7073170731707317,1
MIL,2024,0.2896174863387978,0.27132352941176474,0.4504,0.22641509433962265,0.24545454545454548,0.35559999999999997,0.2017241379310345,0.1858858858858859,0.5370666666666667,0.3606666666666667,0.14692556634304207,0.15772357723577235,0.7399333333333333,0.13,0.24055555555555555,0.20333333333333334,0.18020833333333333,0.20222222222222222,0.5281337470775164,0.06666666666666667,0.1824561403508772,0.27444444444444444,0.2707294552169898,0.0,0.0,0.06666666666666667,0.13333333333333333,0.13333333333333333,0.5975609756097561,8
MIL,2025,0.27213114754098366,0.2525735294117647,0.4723,0.2009433962264151,0.21401515151515152,0.33925,0.1952586206896552,0.18175675675675676,0.5442,0.3691666666666667,0.1320388349514563,0.14756097560975606,0.6681,0.11333333333333333,0.24333333333333332,0.20027777777777778,0.1734375,0.205,0.5374544005866656,0.0625,0.2026315789473684,0.24083333333333332,0.25193905817174517,0.0,0.0,0.05,0.05,0.05,0.5853658536585366,13
MIN,2005,0.27400468384074944,0.26418067226890757,0.4675714285714286,0.07142857142857142,0.08495670995670997,0.2547857142857143,0.2561576354679803,0.2731660231660232,0.48414285714285715,0.32895238095238094,0.15256588072122051,0.17015098722415795,0.7253571428571428,0.19999999999999998,0.24404761904761904,0.23015873015873017,0.14955357142857142,0.16428571428571428,0.4897360644484154,0.08452380952380953,0.19924812030075187,0.3595238095238095,0.23921646220815193,0.0,0.0,0.0,0.0,0.0,0.5365853658536586,15
MIN,2006,0.2815814850530376,0.2798442906574395,0.4383529411764706,0.07991120976692564,0.09581105169340465,0.22470588235294117,0.2591277890466532,0.28590355060943295,0.46558823529411764,0.3109019607843137,0.16676185037121644,0.18125298900047823,0.7032352941176471,0.1450980392156863,0.225,0.19901960784313724,0.15395220588235295,0.20588235294117643,0.4643477518611873,0.0803921568627451,0.23529411764705882,0.3696078431372549,0.24881864102981913,0.0,0.0,0.058823529411764705,0.11764705882352941,0.058823529411764705,0.4024390243902439,25
MIN,2007,0.24590163934426232,0.2452731092436975,0.43157142857142855,0.07816711590296496,0.09199134199134198,0.2267142857142857,0.22167487684729065,0.2471042471042471,0.4510714285714286,0.3070952380952381,0.14771151178918168,0.15563298490127758,0.764,0.14166666666666666,0.2089285714285714,0.18611111111111112,0.14676339285714285,0.1880952380952381,0.46704019945277814,0.05952380952380952,0.2255639097744361,0.30238095238095236,0.21923229125445193,0.0,0.0,0.0,0.07142857142857142,0.0,0.3902439024390244,24
MIN,2008,0.2617827868852459,0.26378676470588236,0.424125,0.0919811320754717,0.10700757575757576,0.2005625,0.23275862068965517,0.25929054054054057,0.4409375,0.302,0.12924757281553398,0.1498983739837398,0.6914375,0.171875,0.22239583333333335,0.2048611111111111,0.14013671875,0.22499999999999998,0.45279136634126904,0.06770833333333333,0.22916666666666666,0.36979166666666663,0.2268005540166205,0.0,0.0,0.0,0.0,0.0,0.2682926829268293,28
MIN,2009,0.2612704918032787,0.2688419117647059,0.4115625,0.10495283018867925,0.11789772727272728,0.210125,0.2273706896551724,0.25929054054054057,0.4324375,0.2984583333333333,0.15048543689320387,0.16615853658536583,0.709625,0.18229166666666666,0.21927083333333333,0.20798611111111112,0.13427734375,0.20208333333333334,0.4526473520821334,0.06354166666666666,0.20285087719298245,0.34375,0.2347645429362881,0.0,0.0,0.0,0.0,0.0,0.2926829268292683,26
MIN,2010,0.2377049180327869,0.2387408088235294,0.41581250000000003,0.06485849056603774,0.07765151515151515,0.191375,0.21982758620689655,0.24662162162162163,0.433125,0.29370833333333335,0.12560679611650485,0.14024390243902438,0.6453125,0.16666666666666666,0.20833333333333334,0.19340277777777778,0.1201171875,0.20208333333333334,0.4441981004253769,0.056249999999999994,0.20833333333333331,0.284375,0.20498614958448752,0.0,0.0,0.0,0.0,0.0,0.18292682926829268,29
MIN,2011,0.25795564127290266,0.26362456747404844,0.4338235294117647,0.1165371809100999,0.12121212121212122,0.3,0.21906693711967548,0.25092739798622155,0.4416470588235294,0.32054901960784316,0.1473443746430611,0.1654710664753706,0.6798823529411765,0.17352941176470588,0.20882352941176469,0.1980392156862745,0.13097426470588236,0.2117647058823529,0.478912217687877,0.06764705882352941,0.2559339525283798,0.31470588235294117,0.23350171093368094,0.0,0.0,0.0,0.0,0.0,0.2073170731707317,30
MIN,2012,0.2683060109289617,0.2791666666666667,0.42186666666666667,0.1220125786163522,0.14393939393939395,0.2627333333333334,0.2264367816091954,0.25615615615615617,0.44726666666666665,0.31155555555555553,0.17605177993527507,0.1907859078590786,0.7513333333333333,0.18888888888888886,0.2411111111111111,0.22333333333333333,0.15729166666666664,0.21555555555555556,0.4743316557330118,0.07222222222222222,0.25380116959064325,0.29444444444444445,0.24912280701754386,0.0,0.0,0.0,0.0,0.0,0.3939393939393939,21
MIN,2013,0.24331320103537535,0.26528637770897834,0.3986842105263158,0.08540218470705066,0.13078149920255183,0.17689473684210524,0.21778584392014522,0.24703651019440495,0.4411052631578947,0.28378947368421054,0.16402657128257536,0.18827556696619596,0.7006842105263158,0.1850877192982456,0.23245614035087722,0.2169590643274854,0.14802631578947367,0.24736842105263154,0.43694830149225533,0.06578947368421052,0.20590951061865187,0.26842105263157895,0.22437673130193908,0.0,0.0,0.05263157894736842,0.0,0.05263157894736842,0.3780487804878049,22
MIN,2014,0.2525614754098361,0.2564338235294118,0.411875,0.10377358490566038,0.12736742424242425,0.269625,0.21982758620689655,0.23873873873873874,0.4361875,0.29641666666666666,0.17354368932038833,0.18648373983739835,0.7571875,0.178125,0.23020833333333332,0.21319444444444444,0.13037109375,0.22291666666666665,0.4776424711989804,0.057291666666666664,0.18859649122807018,0.2552083333333333,0.23545706371191136,0.0,0.0,0.0,0.0,0.0,0.4878048780487805,17
MIN,2015,0.27049180327868855,0.2749360613810742,0.4336521739130435,0.08777686628383922,0.11034255599472992,0.2322608695652174,0.24437781109445278,0.27144535840188017,0.4563913043478261,0.3096231884057971,0.16673701983959474,0.18239660657476137,0.7220000000000001,0.17391304347826086,0.24057971014492754,0.21763285024154588,0.16644021739130435,0.26666666666666666,0.4658095257294184,0.059420289855072465,0.2120518688024409,0.3050724637681159,0.24388775141515112,0.0,0.0,0.0,0.0,0.0,0.1951219512195122,30
MIN,2016,0.23463114754098363,0.2309283088235294,0.45475,0.08254716981132076,0.0975378787878788,0.2528125,0.20905172413793105,0.22466216216216217,0.4943125,0.3275416666666667,0.16019417475728154,0.16971544715447154,0.758375,0.12708333333333333,0.20885416666666667,0.18055555555555555,0.1484375,0.20416666666666666,0.4956882313093067,0.05416666666666666,0.2006578947368421,0.2989583333333333,0.21606648199445982,0.0,0.0,0.0,0.0,0.0,0.35365853658536583,26
MIN,2017,0.2677595628415301,0.2595588235294118,0.44920000000000004,0.12075471698113209,0.13939393939393938,0.2581333333333333,0.22758620689655176,0.23543543543543544,0.49006666666666665,0.3264444444444444,0.14757281553398058,0.15447154471544713,0.7525333333333334,0.15666666666666668,0.21777777777777776,0.19666666666666668,0.15104166666666666,0.23333333333333334,0.48730605107244174,0.06333333333333332,0.20233918128654968,0.3022222222222222,0.24044321329639887,0.0,0.0,0.0,0.0,0.0,0.3780487804878049,24
MIN,2018,0.30643127364438844,0.29100678733031676,0.45769230769230773,0.1320754716981132,0.15384615384615385,0.3135384615384615,0.2592838196286472,0.2654192654192654,0.5003076923076922,0.336,0.17251680358476473,0.17761100687929954,0.7983846153846154,0.15,0.22307692307692306,0.19914529914529916,0.1622596153846154,0.258974358974359,0.5039109427418839,0.056410256410256404,0.1862348178137652,0.26794871794871794,0.27487747709354354,0.0,0.0,0.0,0.0,0.07692307692307693,0.573170731707317,12
MIN,2019,0.294672131147541,0.2939338235294118,0.44094999999999995,0.17547169811320756,0.20568181818181816,0.32015000000000005,0.23017241379310344,0.23783783783783785,0.49610000000000004,0.3364666666666667,0.1533980582524272,0.16422764227642275,0.6942999999999999,0.145,0.22041666666666665,0.1947222222222222,0.17773437499999997,0.2816666666666666,0.49686044716921424,0.06916666666666667,0.18771929824561404,0.2816666666666667,0.2692520775623269,0.0,0.0,0.05,0.1,0.1,0.43902439024390244,21
MIN,2020,0.31408345752608047,0.31717914438502676,0.4380909090909091,0.25042881646655235,0.29063360881542705,0.3118181818181818,0.21786833855799373,0.21580671580671582,0.5338636363636363,0.33784848484848484,0.16813768755516326,0.18625277161862527,0.7423636363636364,0.14772727272727273,0.2628787878787879,0.225,0.17968749999999997,0.2515151515151515,0.5040420849943555,0.07878787878787878,0.24162679425837322,0.32045454545454544,0.29627297909846384,0.0,0.0,0.0,0.0,0.0,0.296875,29
MIN,2021,0.3038251366120219,0.30588235294117644,0.45,0.2327044025157233,0.26313131313131316,0.3035333333333333,0.21436781609195404,0.21831831831831833,0.5175333333333333,0.34222222222222226,0.15275080906148866,0.16747967479674797,0.7388,0.16777777777777778,0.2511111111111111,0.22296296296296297,0.18020833333333333,0.2622222222222222,0.507425759387382,0.08222222222222222,0.2152046783625731,0.32,0.2840258541089566,0.0,0.0,0.0,0.0,0.0,0.3194444444444444,25
MIN,2022,0.2730532786885246,0.2647058823529412,0.4571875,0.2028301886792453,0.23579545454545456,0.3019375,0.19073275862068964,0.18440315315315317,0.526375,0.34875,0.14016990291262135,0.15396341463414634,0.7438125,0.16145833333333334,0.2296875,0.20625,0.17529296874999997,0.24583333333333332,0.5179866506079722,0.08437499999999999,0.2050438596491228,0.30416666666666664,0.25415512465373963,0.0,0.0,0.0,0.0,0.0,0.5609756097560976,13
MIN,2023,0.28300258843830894,0.262577399380805,0.4774210526315789,0.20158887785501492,0.22089314194577353,0.32921052631578945,0.20598911070780399,0.19084874348032244,0.5617894736842105,0.36719298245614035,0.14460909555442,0.15703893881044073,0.7954210526315789,0.12456140350877191,0.21491228070175442,0.18362573099415205,0.17393092105263158,0.21052631578947367,0.5408376051401927,0.06929824561403508,0.20683287165281625,0.29824561403508776,0.26213733780434467,0.0,0.0,0.0,0.05263157894736842,0.05263157894736842,0.5121951219512195,15
MIN,2024,0.30643127364438844,0.2856334841628959,0.4713846153846154,0.21915820029027577,0.22843822843822845,0.3283846153846154,0.22214854111405838,0.21413721413721415,0.5313846153846155,0.3664615384615385,0.15160567587752052,0.16385240775484677,0.7756923076923077,0.14102564102564102,0.2621794871794872,0.22008547008547008,0.19230769230769232,0.24615384615384614,0.5372798532203409,0.08717948717948718,0.2118758434547908,0.2858974358974359,0.28276155976987,0.0,0.0,0.0,0.0,0.0,0.6829268292682927,4
MIN,2025,0.28161592505854804,0.2712710084033613,0.4596428571428572,0.2371967654986523,0.2532467532467533,0.326,0.18965517241379312,0.18211068211068213,0.5260714285714286,0.3586666666666667,0.13800277392510402,0.14692218350754935,0.7194285714285715,0.16071428571428573,0.23035714285714287,0.20515873015873015,0.17689732142857142,0.23095238095238096,0.5237185476161703,0.06666666666666667,0.20676691729323307,0.2642857142857143,0.26474079936683814,0.0,0.07142857142857142,0.07142857142857142,0.07142857142857142,0.07142857142857142,0.5975609756097561,10
NOP,2005,0.2522354694485842,0.2867647058823529,0.3870454545454546,0.10034305317324187,0.1318870523415978,0.19168181818181818,0.2186520376175549,0.27354627354627353,0.4063636363636363,0.2771818181818182,0.15048543689320387,0.1696230598669623,0.7090454545454545,0.19015151515151515,0.21477272727272725,0.20707070707070707,0.17578125,0.22727272727272727,0.42151952728184033,0.05378787878787879,0.2464114832535885,0.38636363636363635,0.22727272727272727,0.0,0.0,0.0,0.0,0.0,0.21951219512195122,29
NOP,2006,0.22303710094909407,0.22910216718266257,0.4144736842105263,0.05561072492552135,0.0641945773524721,0.2606842105263158,0.20871143375680581,0.24229492650545284,0.4234736842105263,0.29242105263157897,0.14256515074092999,0.16388532306375692,0.6705263157894737,0.1631578947368421,0.20482456140350877,0.19093567251461988,0.10320723684210527,0.1807017543859649,0.442931919457053,0.05263157894736842,0.1819021237303786,0.32280701754385965,0.19944598337950137,0.0,0.0,0.05263157894736842,0.0,0.0,0.4634146341463415,18
NOP,2007,0.285792349726776,0.2899509803921569,0.4467333333333333,0.11446540880503145,0.12171717171717172,0.21853333333333333,0.24885057471264369,0.2825825825825826,0.46140000000000003,0.32080000000000003,0.1663430420711974,0.18482384823848236,0.7295333333333333,0.19333333333333333,0.2411111111111111,0.2262962962962963,0.13020833333333334,0.19777777777777777,0.48208464967979053,0.06333333333333332,0.22573099415204678,0.3188888888888889,0.2572483841181902,0.0,0.0,0.0,0.0,0.0,0.47560975609756095,18
NOP,2008,0.2453893442622951,0.24011948529411767,0.44375,0.11556603773584906,0.11789772727272728,0.2476875,0.20581896551724138,0.22325450450450451,0.4579375,0.325125,0.12196601941747572,0.13567073170731705,0.7189375,0.15,0.20260416666666667,0.18506944444444443,0.12255859374999999,0.20416666666666666,0.4809817585562807,0.06041666666666667,0.15679824561403508,0.2635416666666667,0.21745152354570638,0.0,0.0,0.0,0.0625,0.0,0.6829268292682927,4
NOP,2009,0.24480874316939893,0.24264705882352944,0.45080000000000003,0.10566037735849057,0.11565656565656567,0.254,0.20804597701149424,0.22822822822822825,0.46366666666666667,0.32613333333333333,0.13851132686084142,0.14959349593495933,0.7121999999999999,0.15555555555555556,0.21666666666666667,0.19518518518518518,0.12395833333333334,0.20666666666666664,0.4830780402610974,0.05999999999999999,0.1766081871345029,0.31555555555555553,0.22086795937211448,0.0,0.0,0.06666666666666667,0.13333333333333333,0.06666666666666667,0.5975609756097561,10
NOP,2010,0.2814207650273224,0.27671568627450976,0.4553333333333333,0.12830188679245283,0.14343434343434344,0.24266666666666667,0.23850574712643677,0.2534534534534535,0.4786,0.3302222222222222,0.1372168284789644,0.14850948509485093,0.7477333333333332,0.16,0.22222222222222224,0.20148148148148148,0.16927083333333334,0.23333333333333334,0.4856494562512241,0.05333333333333334,0.20701754385964913,0.31666666666666665,0.24801477377654663,0.0,0.0,0.06666666666666667,0.06666666666666667,0.06666666666666667,0.45121951219512196,20
NOP,2011,0.22540983606557377,0.22487745098039216,0.4326111111111111,0.0859538784067086,0.09806397306397308,0.21083333333333332,0.19875478927203066,0.21671671671671672,0.4517777777777778,0.31055555555555553,0.12891046386192018,0.14182475158084915,0.6538888888888889,0.13333333333333333,0.19768518518518519,0.17685185185185187,0.12196180555555555,0.17777777777777776,0.4631311724085043,0.06574074074074074,0.17543859649122806,0.29537037037037034,0.2016004924592182,0.0,0.0,0.0,0.0,0.0,0.5609756097560976,12
NOP,2012,0.2391952309985097,0.23863636363636365,0.4455454545454545,0.052315608919382514,0.07024793388429752,0.14236363636363636,0.22805642633228843,0.2508190008190008,0.4647727272727273,0.3080909090909091,0.1500441306266549,0.17220990391722096,0.6847727272727272,0.16515151515151516,0.21212121212121213,0.19646464646464648,0.13068181818181818,0.2303030303030303,0.4674964596372794,0.06818181818181818,0.2424242424242424,0.32045454545454544,0.21191135734072022,0.0,0.0,0.0,0.0,0.0,0.3181818181818182,28
NOP,2013,0.22516875602700098,0.22837370242214536,0.4279411764705882,0.08768035516093231,0.0984848484848485,0.18488235294117647,0.19827586206896552,0.22125066242713304,0.44276470588235295,0.3050980392156863,0.1302113078241005,0.13868962219033953,0.7541764705882352,0.15490196078431373,0.19558823529411762,0.18071895424836604,0.12270220588235294,0.19999999999999998,0.46636252548928775,0.07058823529411765,0.19091847265221878,0.2803921568627451,0.2014013361577318,0.0,0.0,0.0,0.0,0.0,0.32926829268292684,26
NOP,2014,0.24082747853239658,0.23984593837535015,0.42247619047619045,0.10332434860736749,0.10533910533910533,0.2087142857142857,0.20730706075533664,0.2308022308022308,0.42938095238095236,0.30412698412698413,0.12297734627831713,0.1389856755710414,0.6396666666666666,0.15952380952380954,0.20952380952380953,0.1917989417989418,0.125,0.19365079365079363,0.4517051859987574,0.0865079365079365,0.17209690893901422,0.33095238095238094,0.21369212504946575,0.0,0.0,0.0,0.0,0.0,0.4146341463414634,21
NOP,2015,0.23688524590163937,0.2448529411764706,0.40205,0.11132075471698114,0.12765151515151515,0.2152,0.1978448275862069,0.225,0.4229,0.2963,0.11310679611650484,0.12804878048780485,0.6106,0.12833333333333333,0.19166666666666668,0.17055555555555554,0.157421875,0.195,0.43864460264779515,0.07416666666666667,0.17543859649122806,0.2733333333333333,0.20803324099722992,0.0,0.0,0.0,0.05,0.0,0.5487804878048781,13
NOP,2016,0.29713114754098363,0.3023897058823529,0.4201,0.16698113207547172,0.18409090909090908,0.27949999999999997,0.23577586206896553,0.26126126126126126,0.44720000000000004,0.31146666666666667,0.15436893203883495,0.1686991869918699,0.68925,0.14250000000000002,0.2525,0.21666666666666665,0.196875,0.26166666666666666,0.46213993701315,0.05333333333333333,0.2350877192982456,0.34500000000000003,0.2698060941828255,0.0,0.0,0.05,0.05,0.05,0.36585365853658536,25
NOP,2017,0.26639344262295084,0.2620192307692308,0.4601923076923077,0.16037735849056606,0.1791958041958042,0.3013076923076923,0.20789124668435013,0.21379071379071382,0.5224230769230769,0.35033333333333333,0.12957430918595966,0.14352720450281425,0.6488076923076923,0.11474358974358975,0.22692307692307695,0.18952991452991455,0.14182692307692307,0.2141025641025641,0.5209043391153704,0.060897435897435896,0.18893387314439944,0.2987179487179487,0.2411037715746857,0.0,0.0,0.0,0.038461538461538464,0.038461538461538464,0.4146341463414634,21
NOP,2018,0.27092320966350303,0.2579334365325077,0.4522105263157895,0.1608738828202582,0.17464114832535885,0.34768421052631576,0.21098003629764067,0.21337126600284498,0.47926315789473684,0.3423157894736842,0.11752682677567705,0.13050919982884038,0.6299473684210526,0.1350877192982456,0.25043859649122807,0.2111111111111111,0.1689967105263158,0.20526315789473684,0.49444881818832787,0.07982456140350877,0.21144967682363802,0.2868421052631579,0.2396850852894008,0.0,0.0,0.05263157894736842,0.0,0.05263157894736842,0.5853658536585366,9
NOP,2019,0.2975409836065574,0.29154411764705884,0.42960000000000004,0.17924528301886794,0.2162878787878788,0.31705,0.23146551724137931,0.2295045045045045,0.4715,0.3318333333333333,0.1470873786407767,0.15934959349593494,0.71345,0.16499999999999998,0.26666666666666666,0.2325,0.173046875,0.21333333333333332,0.4882234902226538,0.07666666666666666,0.21754385964912282,0.3125,0.2693905817174515,0.0,0.0,0.05,0.1,0.05,0.4024390243902439,24
NOP,2020,0.30713596914175506,0.2852508650519031,0.4924117647058824,0.195338512763596,0.21167557932263814,0.3065294117647059,0.23275862068965517,0.2233704292527822,0.5434705882352941,0.3683921568627451,0.14163335237007424,0.17073170731707316,0.5852941176470587,0.17352941176470588,0.2519607843137255,0.22516339869281043,0.17647058823529413,0.20784313725490194,0.5280245886432745,0.07549019607843137,0.2662538699690402,0.3166666666666667,0.2761935799250448,0.0,0.0,0.0,0.0,0.0,0.4166666666666667,21
NOP,2021,0.2639344262295082,0.26378676470588236,0.42335,0.16603773584905662,0.20530303030303032,0.28905,0.20086206896551725,0.20112612612612613,0.5005499999999999,0.3256,0.13349514563106796,0.15121951219512192,0.66815,0.14916666666666667,0.2375,0.20805555555555558,0.156640625,0.21000000000000002,0.4798174850316689,0.056666666666666664,0.2043859649122807,0.2625,0.2412742382271468,0.0,0.0,0.0,0.0,0.0,0.4305555555555556,22
NOP,2022,0.2767369242779079,0.2711834733893558,0.43985714285714284,0.169811320754717,0.20310245310245312,0.31514285714285717,0.21100164203612481,0.21171171171171174,0.4957142857142857,0.33590476190476193,0.13730929264909847,0.1478900503290747,0.7758571428571428,0.16587301587301587,0.22222222222222224,0.20343915343915345,0.1655505952380952,0.23809523809523808,0.5007302891852902,0.050793650793650794,0.189640768588137,0.27222222222222225,0.2510222925735391,0.0,0.0,0.0,0.0,0.0,0.43902439024390244,20
NOP,2023,0.3191598360655738,0.29434742647058826,0.4763125,0.17806603773584906,0.1950757575757576,0.343375,0.25538793103448276,0.24493243243243243,0.5265625,0.3607916666666667,0.1820388349514563,0.195630081300813,0.7755,0.15520833333333334,0.24739583333333334,0.21736111111111112,0.1865234375,0.2625,0.5369862659188246,0.0625,0.23245614035087717,0.31145833333333334,0.29432132963988916,0.0,0.0,0.0,0.0,0.0,0.5121951219512195,16
NOP,2024,0.26663452266152365,0.2597318339100346,0.4259411764705882,0.18978912319644842,0.20989304812834225,0.34094117647058825,0.19320486815415824,0.19342872284048757,0.4718823529411765,0.3296470588235294,0.13306681896059394,0.14347202295552366,0.7374705882352942,0.1323529411764706,0.221078431372549,0.19117647058823528,0.1645220588235294,0.22156862745098038,0.4903905331817428,0.05686274509803921,0.16821465428276575,0.24117647058823527,0.2452338276030634,0.0,0.0,0.0,0.0,0.0,0.5975609756097561,9
NOP,2025,0.3095081967213115,0.3089705882352941,0.44804,0.1939622641509434,0.22969696969696973,0.27236,0.23724137931034484,0.24234234234234237,0.51764,0.3353066666666667,0.1502912621359223,0.16878048780487803,0.74576,0.18666666666666668,0.26466666666666666,0.23844444444444446,0.20812499999999998,0.26266666666666666,0.49532356062397986,0.08266666666666665,0.2512280701754386,0.31733333333333336,0.28,0.0,0.0,0.0,0.04,0.0,0.25609756097560976,27
NYK,2005,0.24204435872709743,0.24935121107266436,0.41229411764705887,0.08213096559378469,0.10026737967914438,0.1711764705882353,0.21653144016227183,0.24562798092209856,0.43105882352941177,0.2882352941176471,0.14962878355225584,0.16690578670492584,0.6675294117647059,0.16764705882352943,0.19705882352941176,0.1869281045751634,0.125,0.21176470588235294,0.437191673059502,0.04411764705882353,0.21981424148606812,0.36274509803921573,0.2188365650969529,0.0,0.0,0.0,0.0,0.0,0.4024390243902439,23
NYK,2006,0.22993960310612602,0.23258513931888544,0.442,0.0595829195630586,0.06499202551834131,0.26547368421052636,0.21551724137931036,0.24656235182550973,0.44984210526315793,0.30743859649122807,0.17884517118037813,0.2041078305519897,0.7182105263157895,0.1754385964912281,0.2131578947368421,0.19999999999999998,0.12582236842105263,0.20175438596491227,0.4704672751801076,0.043859649122807015,0.2566943674976916,0.37543859649122807,0.2150459250619624,0.0,0.0,0.0,0.0,0.0,0.2804878048780488,29
NYK,2007,0.25136612021857924,0.2531862745098039,0.4222,0.1018867924528302,0.11818181818181818,0.25333333333333335,0.21954022988505748,0.24024024024024024,0.4404666666666667,0.29933333333333334,0.17993527508090612,0.2113821138211382,0.6729333333333333,0.1922222222222222,0.2411111111111111,0.22444444444444445,0.1328125,0.20888888888888887,0.4604691687202271,0.05222222222222222,0.25380116959064325,0.36333333333333334,0.23730378578024008,0.0,0.0,0.0,0.0,0.0,0.4024390243902439,22
NYK,2008,0.2798594847775176,0.28965336134453784,0.4265,0.1051212938005391,0.12337662337662338,0.22335714285714287,0.24815270935960593,0.28185328185328185,0.44507142857142856,0.3030952380952381,0.1740638002773925,0.20557491289198607,0.6721428571428572,0.19642857142857142,0.23214285714285715,0.21944444444444447,0.14229910714285715,0.20238095238095236,0.4552339588597274,0.04285714285714286,0.2355889724310777,0.3619047619047619,0.25464978235061336,0.0,0.0,0.0,0.0,0.0,0.2804878048780488,26
NYK,2009,0.2889344262295082,0.2994485294117647,0.4241,0.169811320754717,0.18522727272727274,0.22195,0.2271551724137931,0.25585585585585585,0.44885,0.31453333333333333,0.16116504854368932,0.1719512195121951,0.7124,0.19083333333333333,0.2370833333333333,0.2213888888888889,0.130859375,0.22166666666666668,0.4737797402891541,0.042499999999999996,0.21578947368421053,0.2975,0.2664819944598338,0.0,0.0,0.0,0.0,0.0,0.3902439024390244,23
NYK,2010,0.27581967213114755,0.27941176470588236,0.43594999999999995,0.14433962264150943,0.1734848484848485,0.2345,0.22456896551724137,0.2394144144144144,0.48095,0.32330000000000003,0.14611650485436894,0.1589430894308943,0.72655,0.17916666666666664,0.22791666666666668,0.2125,0.153125,0.22666666666666666,0.48523190771652186,0.058333333333333334,0.23859649122807017,0.33333333333333337,0.25,0.0,0.0,0.0,0.0,0.0,0.35365853658536583,23
NYK,2011,0.27178602243313205,0.2718653250773994,0.44663157894736844,0.15888778550148958,0.17384370015948963,0.32889473684210524,0.2132486388384755,0.23020388809862496,0.46157894736842103,0.3368421052631579,0.1895758814512008,0.19512195121951217,0.7132631578947368,0.16228070175438594,0.2210526315789474,0.202046783625731,0.1533717105263158,0.23333333333333334,0.5052990358222299,0.08333333333333333,0.21514312096029548,0.3464912280701754,0.26184575010934535,0.0,0.0,0.15789473684210525,0.0,0.10526315789473684,0.5121951219512195,15
NYK,2012,0.24734811957569913,0.25692041522491355,0.41211764705882353,0.13096559378468367,0.1590909090909091,0.24688235294117647,0.20030425963488843,0.21992580816110227,0.44982352941176473,0.30858823529411766,0.14791547687035977,0.1688187470109995,0.7004117647058824,0.15980392156862747,0.22156862745098038,0.20130718954248367,0.14430147058823528,0.2803921568627451,0.4584946874399086,0.06274509803921569,0.23942208462332304,0.3284313725490196,0.2284503829232524,0.0,0.0,0.058823529411764705,0.058823529411764705,0.058823529411764705,0.5454545454545454,14
NYK,2013,0.25194132873166525,0.2710913312693498,0.4066315789473684,0.14399205561072492,0.16188197767145135,0.2794736842105263,0.19827586206896552,0.2361308677098151,0.4225263157894737,0.30698245614035086,0.13183444047010728,0.14976465554129223,0.6593157894736842,0.2517543859649123,0.2741228070175438,0.26695906432748534,0.1118421052631579,0.20175438596491227,0.45074180520480117,0.06929824561403508,0.19205909510618652,0.3078947368421052,0.22918792826942705,0.0,0.05263157894736842,0.0,0.10526315789473684,0.10526315789473684,0.6585365853658537,7
NYK,2014,0.2444551591128255,0.2439446366782007,0.453,0.1265260821309656,0.13903743315508021,0.228,0.19878296146044624,0.21648118706942235,0.4732941176470588,0.33066666666666666,0.12050256996002284,0.13534194165471067,0.73,0.153921568627451,0.21372549019607842,0.19477124183006533,0.12867647058823528,0.2176470588235294,0.49225678282101404,0.07549019607843137,0.18575851393188855,0.3176470588235294,0.21818478083754278,0.0,0.0,0.058823529411764705,0.058823529411764705,0.058823529411764705,0.45121951219512196,19
NYK,2015,0.28565573770491803,0.3003676470588236,0.42505,0.13396226415094342,0.15265151515151515,0.28015,0.2396551724137931,0.2777027027027027,0.4478,0.3112666666666667,0.14611650485436894,0.16097560975609754,0.7605000000000001,0.17416666666666666,0.2375,0.215,0.1640625,0.22833333333333333,0.4667112420268877,0.0725,0.2473684210526316,0.3375,0.2544321329639889,0.0,0.0,0.05,0.0,0.0,0.2073170731707317,29
NYK,2016,0.2529274004683841,0.2607668067226891,0.4215714285714286,0.11859838274932614,0.13582251082251082,0.25621428571428567,0.2118226600985222,0.23712998712998715,0.4468571428571429,0.3085714285714286,0.13730929264909847,0.14343786295005806,0.7863571428571429,0.1464285714285714,0.24107142857142858,0.20833333333333334,0.13337053571428573,0.16428571428571428,0.4663470370472122,0.08214285714285714,0.19047619047619047,0.29047619047619044,0.22694895132568263,0.0,0.0,0.0,0.0,0.0,0.3902439024390244,24
NYK,2017,0.2597336065573771,0.26286764705882354,0.4406875,0.12853773584905662,0.15056818181818182,0.2635,0.21497844827586207,0.23254504504504506,0.4713125,0.32429166666666664,0.13531553398058252,0.14583333333333331,0.748375,0.175,0.23124999999999998,0.2125,0.14501953125,0.20208333333333334,0.4852472722531491,0.07604166666666666,0.19846491228070173,0.29375,0.23337950138504154,0.0,0.0,0.0,0.0,0.0,0.3780487804878049,25
NYK,2018,0.2655737704918033,0.26286764705882354,0.4526,0.12924528301886792,0.1503787878787879,0.28265,0.22155172413793106,0.23265765765765764,0.48745000000000005,0.33236666666666664,0.11796116504854368,0.12967479674796747,0.73505,0.13833333333333334,0.21833333333333335,0.1911111111111111,0.15390625,0.19833333333333333,0.4893338578865153,0.06999999999999999,0.20789473684210527,0.2833333333333333,0.2322714681440443,0.0,0.0,0.0,0.0,0.0,0.35365853658536583,22
NYK,2019,0.26764076977904494,0.28388746803069054,0.4272173913043478,0.1517637407711239,0.19235836627140976,0.268304347826087,0.2113943028485757,0.23325499412455936,0.46904347826086956,0.318,0.15787252005065427,0.1732060798868858,0.7703913043478261,0.14927536231884056,0.2365942028985507,0.20652173913043478,0.15794836956521738,0.20144927536231882,0.4811485483202055,0.07391304347826087,0.2013729977116705,0.29782608695652174,0.24810309526677105,0.0,0.0,0.0,0.0,0.0,0.2073170731707317,30
NYK,2020,0.26567020250723244,0.27205882352941174,0.4364705882352941,0.1598224195338513,0.19117647058823528,0.2902352941176471,0.2063894523326572,0.21966083730789612,0.4854705882352941,0.32941176470588235,0.1302113078241005,0.1563845050215208,0.7061176470588235,0.1480392156862745,0.22352941176470587,0.19738562091503267,0.15257352941176472,0.22156862745098038,0.48480291235056266,0.06078431372549019,0.1981424148606811,0.30686274509803924,0.2405083917223399,0.0,0.0,0.0,0.0,0.0,0.3181818181818182,25
NYK,2021,0.27100409836065575,0.2658547794117647,0.473,0.17924528301886794,0.18986742424242425,0.2790625,0.20204741379310345,0.21255630630630631,0.498,0.3559583333333333,0.1328883495145631,0.14176829268292682,0.73325,0.14270833333333333,0.24739583333333334,0.2125,0.140625,0.22499999999999998,0.5238380857088973,0.08020833333333334,0.17105263157894735,0.3020833333333333,0.2470567867036011,0.0,0.0,0.0,0.0,0.0,0.5694444444444444,12
NYK,2022,0.23209663503019845,0.23858359133126936,0.456421052631579,0.18669314796425027,0.2113237639553429,0.2868947368421053,0.15970961887477317,0.16666666666666669,0.5021578947368421,0.3537543859649123,0.12825753704649973,0.14462986735130506,0.6482631578947369,0.1482456140350877,0.2206140350877193,0.19619883040935673,0.13116776315789475,0.18771929824561404,0.5195160411384518,0.06491228070175438,0.16435826408125576,0.25789473684210523,0.22087767896194782,0.0,0.0,0.10526315789473684,0.0,0.05263157894736842,0.45121951219512196,19
NYK,2023,0.32435597189695553,0.309873949579832,0.48871428571428577,0.22641509433962265,0.255952380952381,0.294,0.23830049261083744,0.22651222651222652,0.5585714285714286,0.3698095238095238,0.17198335644937585,0.1887340301974448,0.7692142857142857,0.19999999999999998,0.26904761904761904,0.24603174603174605,0.17243303571428573,0.22380952380952382,0.5374443989888793,0.07023809523809524,0.20300751879699247,0.3297619047619048,0.30055401662049863,0.0,0.0,0.0,0.0,0.0,0.573170731707317,8
NYK,2024,0.3254580520732884,0.32655709342560557,0.45388235294117646,0.23862375138734737,0.2758467023172906,0.2772352941176471,0.23427991886409738,0.23582405935347114,0.5140588235294118,0.34317647058823525,0.1644774414620217,0.17742706838833094,0.7756470588235294,0.2068627450980392,0.25735294117647056,0.24084967320261436,0.16544117647058823,0.25098039215686274,0.5038005157200358,0.06764705882352941,0.20949432404540763,0.2950980392156863,0.3021020042365977,0.0,0.0,0.058823529411764705,0.058823529411764705,0.058823529411764705,0.6097560975609756,7
NYK,2025,0.27000964320154297,0.25021626297577854,0.47458823529411764,0.18201997780244175,0.19741532976827098,0.27741176470588236,0.20081135902636915,0.1897191308956015,0.4997058823529412,0.3621176470588235,0.12107367218732153,0.1286465805834529,0.6994705882352941,0.17745098039215687,0.221078431372549,0.20588235294117646,0.1645220588235294,0.22941176470588234,0.5274249887672047,0.06666666666666667,0.16718266253869968,0.26862745098039215,0.2434414208896855,0.0,0.0,0.058823529411764705,0.0,0.058823529411764705,0.6219512195121951,5
OKC,2005,0.2855191256830601,0.28952205882352944,0.45825000000000005,0.15251572327044025,0.16856060606060608,0.19683333333333333,0.23204022988505746,0.25412912912912916,0.48258333333333336,0.32822222222222225,0.1941747572815534,0.20663956639566394,0.7676666666666666,0.20972222222222223,0.23124999999999998,0.22453703703703706,0.13216145833333334,0.225,0.5043746004317278,0.06527777777777778,0.21783625730994152,0.3958333333333333,0.27031394275161585,0.0,0.0,0.0,0.0,0.0,0.6341463414634146,6
OKC,2006,0.24460742018981882,0.23839009287925697,0.45957894736842103,0.09831181727904667,0.10925039872408296,0.1646842105263158,0.21234119782214156,0.22712185870080606,0.47884210526315796,0.32266666666666666,0.15738375063873275,0.173727000427899,0.6940526315789474,0.17982456140350878,0.1986842105263158,0.19298245614035087,0.13034539473684212,0.19649122807017544,0.4933523897312619,0.04912280701754385,0.2169898430286242,0.3508771929824561,0.2249599066919376,0.0,0.0,0.05263157894736842,0.0,0.05263157894736842,0.4268292682926829,21
OKC,2007,0.25245901639344265,0.24926470588235297,0.43539999999999995,0.10440251572327044,0.11565656565656565,0.16140000000000002,0.21839080459770116,0.23693693693693696,0.4517333333333333,0.30493333333333333,0.14951456310679612,0.15934959349593494,0.6879333333333334,0.15888888888888889,0.1961111111111111,0.1837037037037037,0.13385416666666666,0.20444444444444443,0.45965526539777907,0.05,0.22573099415204678,0.3277777777777778,0.22899353647276083,0.0,0.0,0.0,0.0,0.0,0.3780487804878049,26
OKC,2008,0.2286453839516825,0.2378095975232198,0.40110526315789474,0.05362462760675273,0.07416267942583732,0.1571578947368421,0.21551724137931036,0.24679943100995735,0.4264736842105263,0.27992982456140353,0.11701584057230455,0.12623020967051773,0.7085789473684211,0.15087719298245614,0.2074561403508772,0.18801169590643277,0.12664473684210525,0.17368421052631577,0.4212826872411596,0.06491228070175438,0.21514312096029548,0.26666666666666666,0.1949263741070127,0.0,0.0,0.0,0.0,0.0,0.24390243902439024,29
OKC,2009,0.2768670309653916,0.2769607843137255,0.44488888888888883,0.057651991614255764,0.07112794612794614,0.16827777777777778,0.26484674329501917,0.2972972972972973,0.4588888888888889,0.30896296296296294,0.16127292340884575,0.17299006323396565,0.7682777777777778,0.19444444444444445,0.2550925925925926,0.23456790123456792,0.13585069444444445,0.23148148148148145,0.4681705562140119,0.08240740740740742,0.22709551656920077,0.3398148148148148,0.24084333641120345,0.0,0.0,0.0,0.0,0.0,0.2804878048780488,27
OKC,2010,0.2261330761812922,0.21820934256055363,0.4843529411764706,0.06992230854605995,0.08021390374331551,0.23258823529411765,0.20436105476673427,0.2204557498675146,0.49552941176470583,0.3407058823529412,0.1507709880068532,0.1563845050215208,0.6739411764705883,0.15980392156862744,0.19901960784313724,0.18562091503267975,0.11534926470588236,0.2156862745098039,0.506062298975255,0.07352941176470588,0.19195046439628483,0.303921568627451,0.2058008799087502,0.0,0.0,0.0,0.0,0.0,0.6097560975609756,10
OKC,2011,0.22768670309653918,0.22385620915032678,0.4535,0.08385744234800839,0.0984848484848485,0.17238888888888887,0.20306513409961685,0.21621621621621623,0.47961111111111104,0.32540740740740737,0.15695792880258896,0.16621499548328816,0.6872777777777778,0.15833333333333333,0.22037037037037038,0.19938271604938274,0.10850694444444443,0.19074074074074074,0.4848536020636398,0.075,0.18128654970760233,0.3398148148148148,0.21175746383502617,0.0,0.0,0.05555555555555555,0.1111111111111111,0.05555555555555555,0.6707317073170732,7
OKC,2012,0.23442622950819675,0.22941176470588237,0.43846666666666667,0.11446540880503145,0.1303030303030303,0.24746666666666667,0.19252873563218392,0.20390390390390392,0.4648,0.3254666666666666,0.15210355987055016,0.15772357723577235,0.7376666666666666,0.13444444444444445,0.2111111111111111,0.18555555555555556,0.12083333333333333,0.21333333333333332,0.4873011984190898,0.09777777777777778,0.2222222222222222,0.28444444444444444,0.21791320406278855,0.0,0.0,0.06666666666666667,0.13333333333333333,0.13333333333333333,0.7121212121212122,3
OKC,2013,0.2218237704918033,0.2146139705882353,0.44556250000000003,0.10377358490566038,0.1131628787878788,0.2319375,0.1875,0.19650900900900903,0.469125,0.32537499999999997,0.14987864077669902,0.15447154471544713,0.7145,0.13541666666666666,0.20520833333333333,0.18263888888888888,0.12109375,0.21666666666666665,0.4833050550330016,0.0875,0.18859649122807015,0.25729166666666664,0.20827562326869806,0.0,0.0,0.125,0.125,0.125,0.7317073170731707,2
OKC,2014,0.2540983606557377,0.24494485294117646,0.4695625,0.12971698113207547,0.14488636363636365,0.2506875,0.20743534482758622,0.21340090090090091,0.5089375,0.3413333333333333,0.14563106796116504,0.15142276422764225,0.623,0.134375,0.22395833333333334,0.19375,0.13330078125,0.23541666666666666,0.49989460217222714,0.07395833333333333,0.21052631578947367,0.31979166666666664,0.23216759002770082,0.0,0.0,0.125,0.125,0.125,0.7195121951219512,2
OKC,2015,0.273224043715847,0.27801120448179273,0.4141428571428571,0.1257861635220126,0.15873015873015875,0.25947619047619047,0.22988505747126436,0.2471042471042471,0.4703809523809524,0.30546031746031743,0.1516412390198798,0.1684088269454123,0.6494761904761904,0.17936507936507937,0.24285714285714283,0.22195767195767196,0.13578869047619047,0.19365079365079363,0.45376952383429886,0.06904761904761905,0.21136173767752714,0.31746031746031744,0.2468012135602163,0.047619047619047616,0.0,0.047619047619047616,0.047619047619047616,0.047619047619047616,0.5487804878048781,14
OKC,2016,0.27751756440281034,0.26759453781512604,0.4524285714285714,0.14824797843665768,0.16558441558441558,0.3245,0.22413793103448273,0.22908622908622908,0.4694285714285714,0.3428095238095238,0.15256588072122051,0.16898954703832753,0.6883571428571429,0.17261904761904762,0.24761904761904763,0.22380952380952382,0.15290178571428573,0.2095238095238095,0.5001800209170175,0.0869047619047619,0.23308270676691728,0.2988095238095238,0.25385833003561536,0.0,0.0,0.07142857142857142,0.0,0.07142857142857142,0.6707317073170732,5
OKC,2017,0.24935289042277828,0.25077399380804954,0.44321052631578944,0.13406156901688182,0.16547049441786285,0.3068421052631579,0.20099818511796733,0.20886676149834046,0.5123684210526316,0.3304561403508772,0.11854879918242207,0.13649978605049207,0.6461578947368422,0.16052631578947368,0.22763157894736843,0.204093567251462,0.11800986842105263,0.19999999999999998,0.480829280250728,0.07017543859649122,0.1809787626962142,0.2701754385964912,0.22175244204694558,0.0,0.0,0.05263157894736842,0.0,0.05263157894736842,0.573170731707317,10
OKC,2018,0.2734192037470726,0.26811974789915966,0.47278571428571425,0.1684636118598383,0.19155844155844154,0.26071428571428573,0.21120689655172414,0.21460746460746463,0.525,0.35723809523809524,0.13730929264909847,0.16550522648083624,0.6672857142857144,0.1880952380952381,0.22797619047619047,0.21388888888888888,0.13448660714285712,0.28095238095238095,0.5110418444195932,0.07499999999999998,0.19298245614035087,0.3083333333333333,0.2487138899881282,0.07142857142857142,0.0,0.07142857142857142,0.07142857142857142,0.07142857142857142,0.5853658536585366,10
OKC,2019,0.2797814207650273,0.2830882352941177,0.43326666666666663,0.179874213836478,0.21262626262626264,0.2740666666666666,0.21264367816091953,0.2195195195195195,0.4934,0.33093333333333336,0.13398058252427184,0.15663956639566393,0.7228666666666667,0.1611111111111111,0.24222222222222223,0.21444444444444447,0.14427083333333332,0.2511111111111111,0.4825287022239875,0.06888888888888887,0.1871345029239766,0.3244444444444444,0.2537396121883656,0.0,0.0,0.06666666666666667,0.13333333333333333,0.13333333333333333,0.5975609756097561,10
OKC,2020,0.2520491803278689,0.2534466911764706,0.417875,0.1627358490566038,0.19649621212121213,0.3079375,0.19073275862068964,0.19313063063063066,0.49143749999999997,0.32095833333333335,0.1407766990291262,0.15142276422764225,0.674,0.11875,0.23541666666666666,0.19583333333333333,0.1298828125,0.20625,0.47404091408621063,0.06979166666666667,0.17653508771929824,0.28020833333333334,0.23528393351800553,0.0,0.0,0.0,0.0,0.0,0.6111111111111112,10
OKC,2021,0.28800298062593144,0.2891042780748663,0.4439090909090909,0.19639794168096056,0.23760330578512398,0.2752727272727273,0.213166144200627,0.2141687141687142,0.5257272727272727,0.3396060606060606,0.13857016769638128,0.15927568366592756,0.7457272727272727,0.14848484848484847,0.2590909090909091,0.2224747474747475,0.16015625,0.21666666666666667,0.5024628897841155,0.06439393939393939,0.22567783094098884,0.268939393939394,0.2630319818685469,0.0,0.0,0.0,0.0,0.0,0.3055555555555556,27
OKC,2022,0.28089533417402274,0.29864253393665163,0.43261538461538457,0.18505079825834544,0.25,0.2858846153846154,0.21187002652519896,0.2176022176022176,0.5105384615384616,0.33199999999999996,0.11389096340552651,0.13320825515947465,0.6333461538461538,0.1621794871794872,0.26474358974358975,0.230982905982906,0.15204326923076922,0.2269230769230769,0.48191203071131994,0.06666666666666667,0.2213225371120108,0.2967948717948718,0.25005327082889406,0.0,0.0,0.0,0.0,0.0,0.2926829268292683,27
OKC,2023,0.27610008628127697,0.2654798761609907,0.4594736842105263,0.1886792452830189,0.2117224880382775,0.34957894736842104,0.20372050816696916,0.19914651493598862,0.5473684210526316,0.35880701754385963,0.13387838528359733,0.1420624732563115,0.6948947368421052,0.16228070175438597,0.2210526315789474,0.20146198830409356,0.14185855263157895,0.22280701754385965,0.5238111359317622,0.06315789473684211,0.1698984302862419,0.2956140350877193,0.25193176847937016,0.0,0.0,0.0,0.0,0.0,0.4878048780487805,20
OKC,2024,0.20752608047690016,0.19552139037433156,0.44472727272727275,0.15265866209262435,0.16494490358126723,0.33695454545454545,0.15007836990595613,0.14127764127764128,0.5006363636363637,0.3513939393939394,0.09841129744042365,0.10273466371027346,0.6709090909090909,0.09166666666666666,0.16893939393939394,0.14343434343434344,0.13316761363636365,0.15606060606060604,0.5100788351410267,0.062121212121212126,0.12838915470494416,0.1946969696969697,0.19075799546713676,0.0,0.0,0.045454545454545456,0.0,0.045454545454545456,0.6951219512195121,3
OKC,2025,0.2868852459016394,0.26924740484429066,0.4524705882352941,0.21753607103218647,0.2357397504456328,0.340235294117647,0.20233265720081137,0.18945416004239535,0.5336470588235295,0.36180392156862745,0.125642490005711,0.13055954088952654,0.7651176470588235,0.15196078431372548,0.2441176470588235,0.21209150326797385,0.16498161764705882,0.2725490196078431,0.5247239391697608,0.08627450980392157,0.1589267285861713,0.2774509803921569,0.2616913801531693,0.0,0.0,0.058823529411764705,0.11764705882352941,0.058823529411764705,0.8292682926829268,1
ORL,2005,0.23907103825136616,0.24101307189542487,0.4414444444444444,0.07232704402515723,0.07996632996632996,0.16344444444444445,0.21839080459770116,0.2474974974974975,0.45588888888888884,0.3085555555555556,0.15372168284789642,0.17344173441734415,0.6625000000000001,0.16481481481481483,0.19953703703703704,0.18734567901234567,0.12022569444444445,0.22407407407407406,0.46330800119659393,0.06666666666666667,0.21539961013645223,0.33240740740740743,0.216528162511542,0.0,0.0,0.0,0.0,0.0,0.43902439024390244,20
ORL,2006,0.2545537340619308,0.24387254901960784,0.4553333333333333,0.05870020964360588,0.06271043771043772,0.16405555555555554,0.24090038314176246,0.262012012012012,0.4598888888888889,0.3201111111111111,0.17313915857605178,0.19557362240289067,0.7577777777777778,0.15462962962962962,0.20925925925925926,0.19074074074074074,0.12803819444444445,0.20185185185185184,0.48809094622696786,0.06574074074074074,0.2222222222222222,0.35277777777777775,0.22976300400123117,0.0,0.0,0.0,0.05555555555555555,0.0,0.43902439024390244,20
ORL,2007,0.24941451990632318,0.23923319327731093,0.46478571428571425,0.07816711590296496,0.0882034632034632,0.24764285714285714,0.22536945812807882,0.2397039897039897,0.4813571428571429,0.3360952380952381,0.1712898751733703,0.20092915214866433,0.7427142857142857,0.15952380952380954,0.20773809523809522,0.19325396825396826,0.12667410714285712,0.20476190476190476,0.5090270094264863,0.06547619047619048,0.2456140350877193,0.3464285714285714,0.2295211713494262,0.0,0.0,0.0,0.0,0.0,0.4878048780487805,16
ORL,2008,0.24426229508196723,0.23333333333333334,0.45886666666666664,0.14088050314465408,0.14898989898989898,0.24446666666666667,0.1925287356321839,0.1972972972972973,0.4928666666666667,0.3378222222222222,0.14886731391585759,0.17289972899728995,0.7238,0.13555555555555554,0.21666666666666667,0.18962962962962965,0.128125,0.1711111111111111,0.4967962598301204,0.05222222222222222,0.18947368421052632,0.28444444444444444,0.22770083102493072,0.0,0.0,0.0,0.06666666666666667,0.06666666666666667,0.6341463414634146,9
ORL,2009,0.2530737704918033,0.2532169117647059,0.444625,0.17099056603773585,0.18134469696969696,0.3595,0.1880387931034483,0.20242117117117117,0.4633125,0.337875,0.15048543689320387,0.1768292682926829,0.725375,0.134375,0.234375,0.20034722222222223,0.13916015625,0.20208333333333334,0.49597868888605234,0.06979166666666667,0.19517543859649122,0.296875,0.23857340720221606,0.0,0.0,0.0625,0.0625,0.0625,0.7195121951219512,4
ORL,2010,0.2848360655737705,0.2729779411764706,0.47058333333333335,0.1808176100628931,0.19633838383838384,0.27758333333333335,0.21551724137931036,0.21734234234234232,0.514,0.3552777777777778,0.16990291262135923,0.19647696476964768,0.7827500000000001,0.15416666666666667,0.25625000000000003,0.22083333333333333,0.14908854166666666,0.19166666666666665,0.5253882257834738,0.08055555555555555,0.22514619883040934,0.3125,0.2677746999076639,0.0,0.08333333333333333,0.08333333333333333,0.08333333333333333,0.08333333333333333,0.7195121951219512,2
ORL,2011,0.27145612343297976,0.27141003460207613,0.43129411764705883,0.1798002219755827,0.19875222816399288,0.24705882352941178,0.20436105476673427,0.21409644939056705,0.467,0.3282745098039216,0.14106225014277554,0.16786226685796268,0.6521764705882352,0.153921568627451,0.24852941176470586,0.2173202614379085,0.14338235294117646,0.2156862745098039,0.4827694303469072,0.06764705882352941,0.23013415892672856,0.33235294117647063,0.2502851556134919,0.0,0.058823529411764705,0.058823529411764705,0.058823529411764705,0.058823529411764705,0.6341463414634146,8
ORL,2012,0.22336065573770494,0.2309283088235294,0.4161875,0.1403301886792453,0.1571969696969697,0.23281249999999998,0.17079741379310345,0.18947072072072074,0.4499375,0.3105,0.11650485436893203,0.15040650406504064,0.6439375,0.15520833333333334,0.209375,0.19097222222222224,0.1259765625,0.19791666666666666,0.45177542801055925,0.058333333333333334,0.21271929824561403,0.25416666666666665,0.20533240997229918,0.0,0.0625,0.0625,0.0625,0.0625,0.5606060606060606,12
ORL,2013,0.27959927140255014,0.28737745098039214,0.42877777777777776,0.1111111111111111,0.1430976430976431,0.21872222222222223,0.24281609195402298,0.2675175175175175,0.4634444444444445,0.30907407407407406,0.11542610571736785,0.1287262872628726,0.702388888888889,0.15555555555555556,0.24259259259259258,0.2138888888888889,0.17664930555555555,0.20185185185185184,0.45575667108133583,0.062037037037037036,0.23099415204678364,0.3037037037037037,0.23807325330871032,0.0,0.0,0.0,0.0,0.0,0.24390243902439024,30
ORL,2014,0.2510245901639344,0.25436580882352944,0.424,0.09551886792452831,0.11363636363636363,0.2135625,0.21982758620689655,0.24408783783783783,0.4548125,0.305,0.12560679611650485,0.14024390243902438,0.738625,0.15520833333333334,0.2390625,0.21215277777777777,0.1318359375,0.21458333333333332,0.45565455616603506,0.06666666666666667,0.2006578947368421,0.3104166666666667,0.21918282548476453,0.0,0.0,0.0,0.0,0.0,0.2804878048780488,28
ORL,2015,0.2655737704918033,0.2651960784313726,0.43906666666666666,0.11320754716981132,0.13484848484848486,0.28813333333333335,0.22701149425287356,0.24354354354354354,0.4809333333333333,0.322,0.1145631067961165,0.13441734417344173,0.7010000000000001,0.14666666666666664,0.2338888888888889,0.2040740740740741,0.1375,0.2311111111111111,0.47283102304260805,0.056666666666666664,0.21871345029239767,0.3188888888888889,0.22899353647276086,0.0,0.0,0.0,0.0,0.0,0.3048780487804878,26
ORL,2016,0.25650916104146576,0.2592993079584775,0.42217647058823526,0.12430632630410654,0.14572192513368987,0.28723529411764703,0.21399594320486814,0.2313195548489666,0.46241176470588236,0.3147843137254902,0.12164477441462021,0.13582018173122906,0.7703529411764706,0.1450980392156863,0.22892156862745097,0.20098039215686272,0.15073529411764705,0.22745098039215683,0.47294849361060304,0.06862745098039216,0.19504643962848295,0.29411764705882354,0.22714681440443213,0.0,0.0,0.0,0.0,0.0,0.4268292682926829,20
ORL,2017,0.24638379942140792,0.25735294117647056,0.3881764705882353,0.14428412874583796,0.17424242424242425,0.2785294117647059,0.19371196754563894,0.21118177000529942,0.42258823529411765,0.29462745098039217,0.12278697886921759,0.133428981348637,0.6374117647058823,0.12745098039215685,0.22696078431372546,0.1937908496732026,0.12959558823529413,0.19215686274509802,0.4485630777428503,0.05980392156862745,0.18369453044375644,0.2715686274509804,0.22291021671826625,0.0,0.0,0.0,0.0,0.0,0.35365853658536583,26
ORL,2018,0.26100086281276963,0.262577399380805,0.44678947368421057,0.16285998013902683,0.1889952153110048,0.324,0.1987295825771325,0.20957799905168328,0.4828947368421053,0.33817543859649124,0.11905978538579458,0.13264869490800169,0.7163157894736841,0.11842105263157894,0.2293859649122807,0.1915204678362573,0.14391447368421054,0.2175438596491228,0.49752488490843755,0.06842105263157895,0.19759926131117264,0.27280701754385966,0.23414491908441462,0.0,0.0,0.0,0.0,0.0,0.3048780487804878,26
ORL,2019,0.2644808743169399,0.26495098039215687,0.45239999999999997,0.1647798742138365,0.1898989898989899,0.28486666666666666,0.20344827586206898,0.21171171171171171,0.5002,0.33773333333333333,0.1262135922330097,0.13712737127371272,0.7615333333333333,0.1522222222222222,0.2561111111111111,0.2214814814814815,0.17604166666666662,0.19333333333333333,0.5050565050997351,0.08555555555555555,0.18596491228070175,0.28444444444444444,0.23878116343490302,0.0,0.0,0.0,0.0,0.0,0.5121951219512195,15
ORL,2020,0.2598842815814851,0.2679498269896194,0.4205294117647059,0.169811320754717,0.20454545454545456,0.3055294117647059,0.1947261663286004,0.20614732379438264,0.48352941176470593,0.3219607843137255,0.1427755568246716,0.15494978479196556,0.7480588235294118,0.16176470588235295,0.2514705882352941,0.22156862745098038,0.14476102941176472,0.24901960784313726,0.4840138350694879,0.08431372549019607,0.18163054695562433,0.27352941176470585,0.2409972299168975,0.0,0.0,0.0,0.0,0.0,0.4520547945205479,18
ORL,2021,0.2763466042154567,0.2918855042016807,0.41832142857142857,0.17857142857142858,0.21293290043290045,0.31389285714285714,0.20905172413793102,0.23149935649935652,0.46846428571428567,0.3191428571428571,0.1515256588072122,0.16347270615563297,0.7541785714285715,0.15416666666666665,0.2654761904761905,0.2283730158730159,0.16517857142857142,0.21547619047619046,0.4814554310685529,0.06666666666666667,0.19987468671679198,0.2875,0.2560348239018599,0.0,0.0,0.0,0.0,0.0,0.2916666666666667,28
ORL,2022,0.2492548435171386,0.2672125668449198,0.4098636363636363,0.19468267581475127,0.2403581267217631,0.3015,0.17398119122257052,0.1850941850941851,0.4762272727272727,0.32036363636363635,0.10679611650485436,0.11603843311160383,0.6952272727272727,0.13712121212121212,0.23106060606060605,0.20025252525252527,0.16193181818181818,0.19999999999999998,0.469078502515775,0.0606060606060606,0.208133971291866,0.29090909090909095,0.22727272727272727,0.0,0.0,0.0,0.0,0.0,0.2682926829268293,29
ORL,2023,0.2668032786885246,0.2534926470588236,0.47115,0.17641509433962266,0.19583333333333336,0.369,0.20086206896551725,0.1945945945945946,0.5357000000000001,0.36419999999999997,0.14320388349514562,0.15609756097560973,0.7525000000000001,0.15333333333333332,0.2345833333333333,0.2072222222222222,0.143359375,0.22833333333333333,0.5359877299683425,0.06749999999999999,0.2070175438596491,0.29,0.24653739612188366,0.0,0.0,0.0,0.0,0.0,0.4146341463414634,25
ORL,2024,0.2688524590163935,0.2529411764705883,0.4673333333333333,0.1660377358490566,0.19343434343434343,0.3218666666666667,0.2045977011494253,0.19459459459459458,0.5588,0.36146666666666666,0.14045307443365695,0.15555555555555553,0.7372666666666666,0.1511111111111111,0.21833333333333332,0.19592592592592595,0.1578125,0.23333333333333334,0.5322933027140032,0.07666666666666666,0.19532163742690056,0.27444444444444444,0.24635272391505078,0.0,0.0,0.0,0.0,0.0,0.573170731707317,14
ORL,2025,0.2709739633558342,0.2740051903114187,0.4136470588235294,0.1831298557158713,0.23351158645276296,0.2904705882352941,0.20081135902636915,0.1968733439321675,0.502,0.3245490196078431,0.15305539691604797,0.16642754662840745,0.727764705882353,0.14901960784313725,0.21617647058823528,0.19346405228758168,0.15854779411764705,0.2529411764705882,0.4783870425422486,0.07941176470588235,0.2022703818369453,0.28725490196078435,0.2535440769105426,0.0,0.0,0.0,0.058823529411764705,0.0,0.5,15
PHI,2005,0.25361620057859213,0.26038062283737023,0.44,0.08435072142064372,0.10249554367201427,0.18658823529411767,0.22718052738336714,0.2575516693163752,0.4945882352941176,0.3154901960784314,0.16105082809822957,0.1759923481587757,0.7148235294117646,0.16372549019607843,0.2299019607843137,0.20816993464052286,0.13143382352941177,0.25098039215686274,0.48068544565888266,0.055882352941176466,0.22497420020639836,0.33137254901960783,0.22975395144207267,0.0,0.0,0.0,0.0,0.0,0.524390243902439,16
PHI,2006,0.26229508196721313,0.2557773109243698,0.47507142857142853,0.07412398921832884,0.07900432900432901,0.20785714285714288,0.24076354679802958,0.26544401544401547,0.484,0.3313809523809524,0.1740638002773925,0.19337979094076654,0.7277857142857143,0.16547619047619047,0.21785714285714283,0.20039682539682538,0.12611607142857142,0.21666666666666665,0.49710327462332354,0.07261904761904761,0.21052631578947367,0.330952380952381,0.2376335575781559,0.0,0.0,0.07142857142857142,0.14285714285714285,0.07142857142857142,0.4634146341463415,19
PHI,2007,0.29047131147540983,0.29296875,0.465375,0.05424528301886793,0.06770833333333334,0.157875,0.2807112068965517,0.31897522522522526,0.4775625,0.319375,0.20631067961165048,0.2240853658536585,0.697125,0.18854166666666666,0.23385416666666667,0.21736111111111112,0.16845703125,0.25,0.4816727376654629,0.07708333333333334,0.2587719298245614,0.3177083333333333,0.26385041551246535,0.0,0.0,0.0625,0.0625,0.0625,0.4268292682926829,20
PHI,2008,0.2686002522068096,0.26781674208144796,0.43253846153846154,0.07547169811320754,0.0944055944055944,0.28192307692307694,0.2473474801061008,0.2716562716562717,0.448,0.3045128205128205,0.15235250186706495,0.1801125703564728,0.7188461538461539,0.1769230769230769,0.21217948717948718,0.20085470085470086,0.14002403846153846,0.26153846153846155,0.4589806343873409,0.07179487179487179,0.2078272604588394,0.30641025641025643,0.23588323034306413,0.0,0.0,0.0,0.07692307692307693,0.0,0.4878048780487805,17
PHI,2009,0.2692307692307692,0.2661199095022625,0.4480769230769231,0.07547169811320756,0.09265734265734266,0.22184615384615383,0.2486737400530504,0.2702702702702703,0.46415384615384614,0.32420512820512826,0.169529499626587,0.19136960600375236,0.7286153846153846,0.19743589743589743,0.22628205128205126,0.2158119658119658,0.1328125,0.23076923076923078,0.4885357796909085,0.08717948717948718,0.21322537112010795,0.31025641025641026,0.24248881312593223,0.0,0.0,0.0,0.07692307692307693,0.0,0.5,16
PHI,2010,0.2677595628415301,0.266421568627451,0.4346,0.10062893081761007,0.11717171717171719,0.26426666666666665,0.235632183908046,0.25765765765765763,0.46319999999999995,0.31893333333333335,0.14433656957928803,0.15934959349593494,0.7378,0.1622222222222222,0.20444444444444443,0.19074074074074074,0.14374999999999996,0.23333333333333334,0.4761028974525062,0.06888888888888887,0.20584795321637425,0.3077777777777778,0.23711911357340718,0.0,0.0,0.0,0.06666666666666667,0.0,0.32926829268292684,25
PHI,2011,0.25878220140515223,0.25787815126050423,0.44085714285714284,0.08490566037735849,0.10551948051948053,0.2538571428571429,0.2327586206896552,0.2545045045045045,0.48300000000000004,0.31161904761904763,0.13800277392510402,0.14924506387921022,0.6920714285714286,0.14285714285714285,0.22678571428571428,0.198015873015873,0.14453125,0.20238095238095238,0.4691633738558751,0.05952380952380952,0.1766917293233083,0.29166666666666663,0.22615749901068458,0.0,0.0,0.0,0.0,0.0,0.5,16
PHI,2012,0.24972677595628415,0.2625,0.40126666666666666,0.08301886792452831,0.09797979797979799,0.2594666666666667,0.22586206896551722,0.2630630630630631,0.41213333333333335,0.28684444444444446,0.10809061488673138,0.12466124661246611,0.713,0.16333333333333336,0.23555555555555555,0.21148148148148146,0.14114583333333333,0.2,0.4280716786480683,0.07555555555555556,0.17076023391812864,0.27444444444444444,0.21181902123730378,0.0,0.0,0.0,0.06666666666666667,0.0,0.5303030303030303,16
PHI,2013,0.2510245901639344,0.26056985294117646,0.4241875,0.10731132075471699,0.12452651515151515,0.2438125,0.2144396551724138,0.2454954954954955,0.441375,0.3092916666666667,0.0983009708737864,0.11585365853658536,0.683625,0.14166666666666666,0.20677083333333332,0.18472222222222223,0.14892578125,0.2125,0.4542456917442369,0.06666666666666667,0.1820175438596491,0.26145833333333335,0.2127770083102493,0.0,0.0,0.0,0.0,0.0,0.4146341463414634,19
PHI,2014,0.22451888809693515,0.232576726342711,0.423304347826087,0.09844134536505333,0.1251646903820817,0.229,0.1904047976011994,0.21073247160203684,0.45865217391304347,0.30968115942028984,0.11650485436893203,0.14139271827500882,0.6283913043478261,0.1471014492753623,0.20326086956521738,0.18478260869565216,0.12432065217391304,0.23188405797101447,0.4595685012404189,0.06159420289855073,0.21815408085430968,0.32608695652173914,0.19908466819221965,0.0,0.0,0.0,0.0,0.0,0.23170731707317074,29
PHI,2015,0.24248633879781423,0.2731311274509804,0.40454166666666663,0.13915094339622644,0.18434343434343436,0.21458333333333335,0.19073275862068964,0.22466216216216217,0.45208333333333334,0.29819444444444443,0.12944983818770225,0.16429539295392953,0.6472083333333333,0.16805555555555554,0.21597222222222223,0.20046296296296295,0.17350260416666666,0.26805555555555555,0.44102035954212165,0.06527777777777778,0.28216374269005845,0.31319444444444444,0.22056786703601106,0.0,0.0,0.0,0.0,0.0,0.21951219512195122,28
PHI,2016,0.25364298724954465,0.26531862745098045,0.4227222222222222,0.1278825995807128,0.15782828282828285,0.29055555555555557,0.20881226053639848,0.23123123123123124,0.45749999999999996,0.31155555555555553,0.13214670981661272,0.16531165311653115,0.6753333333333333,0.13240740740740742,0.2310185185185185,0.19722222222222222,0.1501736111111111,0.22592592592592592,0.4625018298696502,0.08055555555555555,0.253411306042885,0.30833333333333335,0.22745460141582022,0.0,0.0,0.0,0.05555555555555555,0.0,0.12195121951219512,30
PHI,2017,0.2829820452771273,0.2858893557422969,0.4477142857142857,0.15543575920934413,0.18542568542568544,0.28947619047619044,0.22742200328407222,0.24045474045474047,0.5008571428571429,0.33428571428571424,0.16227461858529818,0.18079752226093687,0.7214285714285714,0.1706349206349206,0.24563492063492062,0.21984126984126987,0.13988095238095236,0.21111111111111108,0.5013877198570432,0.09126984126984126,0.2548036758563074,0.33968253968253964,0.25999208547685,0.0,0.0,0.0,0.0,0.0,0.34146341463414637,27
PHI,2018,0.238822652757079,0.23479278074866314,0.4358181818181819,0.15008576329331047,0.1694214876033058,0.287,0.18260188087774296,0.18734643734643736,0.4674545454545455,0.3311515151515152,0.11915269196822594,0.13562453806356245,0.7002727272727273,0.14166666666666666,0.20909090909090908,0.18661616161616165,0.14275568181818182,0.18939393939393936,0.4926639062455258,0.06515151515151515,0.19936204146730463,0.29696969696969694,0.21745152354570638,0.0,0.0,0.0,0.045454545454545456,0.0,0.6341463414634146,5
PHI,2019,0.2723833543505675,0.2668269230769231,0.45353846153846156,0.17416545718432513,0.1998834498834499,0.34403846153846157,0.20722811671087535,0.20824670824670827,0.5198461538461538,0.3464871794871795,0.1553398058252427,0.16854283927454658,0.7191538461538461,0.1576923076923077,0.25384615384615383,0.22115384615384615,0.15625,0.2141025641025641,0.5099277352261287,0.07051282051282051,0.19095816464237517,0.33141025641025645,0.25474110377157466,0.0,0.0,0.07692307692307693,0.11538461538461539,0.07692307692307693,0.6219512195121951,7
PHI,2020,0.2859209257473481,0.2740051903114187,0.45747058823529413,0.1842397336293008,0.20053475935828877,0.3370588235294118,0.21551724137931036,0.21648118706942235,0.5048823529411764,0.3509803921568628,0.1433466590519703,0.15734098517455763,0.7442352941176471,0.1588235294117647,0.24901960784313726,0.21764705882352942,0.16911764705882354,0.2156862745098039,0.5165396934900769,0.0803921568627451,0.2043343653250774,0.307843137254902,0.26055075769920155,0.0,0.0,0.058823529411764705,0.058823529411764705,0.058823529411764705,0.589041095890411,13
PHI,2021,0.24590163934426232,0.23897058823529416,0.4101578947368421,0.15292949354518373,0.171451355661882,0.2735789473684211,0.18920145190562615,0.19155998103366526,0.43173684210526314,0.31526315789473686,0.13387838528359733,0.14634146341463414,0.6298421052631579,0.12719298245614033,0.2206140350877193,0.18947368421052632,0.1356907894736842,0.2210526315789474,0.46220792926418947,0.07719298245614034,0.1680517082179132,0.24649122807017546,0.22685522670943284,0.0,0.0,0.0,0.05263157894736842,0.05263157894736842,0.6805555555555556,3
PHI,2022,0.2691256830601093,0.26143790849673204,0.45999999999999996,0.18448637316561844,0.20454545454545456,0.27622222222222226,0.20114942528735633,0.1991991991991992,0.513,0.35011111111111115,0.16828478964401294,0.17208672086720866,0.7416111111111111,0.14907407407407405,0.2583333333333333,0.2222222222222222,0.1723090277777778,0.2296296296296296,0.5209475585815905,0.07962962962962963,0.19298245614035087,0.30185185185185187,0.2573099415204678,0.0,0.0,0.1111111111111111,0.1111111111111111,0.05555555555555555,0.6219512195121951,8
PHI,2023,0.2955133735979293,0.26393188854489164,0.5078947368421053,0.21747765640516384,0.2204944178628389,0.34163157894736845,0.21098003629764067,0.19274537695590327,0.5828947368421052,0.3862456140350877,0.15125191619826261,0.16046213093709882,0.6746315789473684,0.13771929824561405,0.2157894736842105,0.18918128654970762,0.17064144736842105,0.21228070175438596,0.5615077309789318,0.057894736842105256,0.20498614958448752,0.3026315789473684,0.27511299023181224,0.0,0.0,0.05263157894736842,0.05263157894736842,0.05263157894736842,0.6585365853658537,3
PHI,2024,0.24795081967213117,0.24142156862745098,0.4439583333333334,0.19103773584905662,0.2029671717171717,0.3742916666666667,0.17420977011494254,0.17473723723723725,0.47725,0.35330555555555554,0.1367313915857605,0.1371951219512195,0.6864583333333334,0.12916666666666665,0.20555555555555557,0.1810185185185185,0.154296875,0.2388888888888889,0.5185950553275023,0.07916666666666666,0.15277777777777776,0.27291666666666664,0.23418744228993535,0.041666666666666664,0.0,0.041666666666666664,0.041666666666666664,0.041666666666666664,0.573170731707317,15
PHI,2025,0.2851893725268514,0.2898073022312373,0.43968965517241376,0.2166558230318803,0.26332288401253917,0.29651724137931035,0.200653983353151,0.19866418142280212,0.5332758620689655,0.3420459770114942,0.1463006360897221,0.1600784973366975,0.7229655172413794,0.17701149425287355,0.2364942528735632,0.2164750957854406,0.17214439655172414,0.2655172413793104,0.5039480901600575,0.07528735632183907,0.19116757410768298,0.2948275862068966,0.26621453816028273,0.0,0.0,0.0,0.0,0.0,0.2926829268292683,26
PHO,2005,0.2683060109289618,0.25661764705882356,0.44753333333333334,0.15597484276729562,0.1575757575757576,0.2866,0.2120689655172414,0.22072072072072074,0.4660666666666667,0.3328888888888889,0.141747572815534,0.16043360433604334,0.662,0.16555555555555557,0.225,0.2048148148148148,0.14947916666666666,0.19777777777777775,0.4897971526660624,0.07111111111111111,0.2222222222222222,0.3,0.2443213296398892,0.0,0.0,0.0,0.0,0.0,0.7560975609756098,1
PHO,2006,0.2914959016393443,0.2888327205882353,0.4329375,0.1474056603773585,0.1590909090909091,0.248,0.23976293103448276,0.2587274774774775,0.4658125,0.3152083333333333,0.14502427184466019,0.15142276422764228,0.7844375,0.16666666666666666,0.24322916666666666,0.21770833333333334,0.15673828125,0.19583333333333333,0.48052470783357465,0.07395833333333333,0.18640350877192982,0.31875,0.26038781163434904,0.0625,0.0,0.1875,0.0625,0.1875,0.6585365853658537,4
PHO,2007,0.2798594847775176,0.26260504201680673,0.4374285714285714,0.15902964959568733,0.16341991341991344,0.2802857142857143,0.22167487684729065,0.22393822393822393,0.4496428571428571,0.33180952380952383,0.14285714285714285,0.14750290360046456,0.8422857142857143,0.12380952380952381,0.22261904761904763,0.18968253968253967,0.16294642857142858,0.1880952380952381,0.4964221804185277,0.06785714285714285,0.20426065162907267,0.3059523809523809,0.2530668777206173,0.07142857142857142,0.0,0.14285714285714285,0.14285714285714285,0.14285714285714285,0.7439024390243902,2
PHO,2008,0.29508196721311475,0.26700367647058826,0.471125,0.1391509433962264,0.1434659090909091,0.3435625,0.2478448275862069,0.2418355855855856,0.4816875,0.34841666666666665,0.14987864077669902,0.16920731707317072,0.712,0.146875,0.25416666666666665,0.21840277777777778,0.1611328125,0.18333333333333332,0.5086951633363165,0.09999999999999999,0.2094298245614035,0.3229166666666667,0.26211911357340717,0.0,0.0,0.1875,0.125,0.125,0.6707317073170732,7
PHO,2009,0.2801350048216008,0.25735294117647056,0.45947058823529413,0.11986681465038845,0.12344028520499109,0.34541176470588236,0.24137931034482757,0.242713301536831,0.46282352941176474,0.33584313725490195,0.163906339234723,0.18364418938307028,0.7612352941176471,0.15784313725490198,0.21323529411764705,0.1941176470588235,0.1488970588235294,0.20392156862745098,0.5055978951593696,0.06764705882352941,0.23632610939112486,0.3313725490196079,0.2537070229753951,0.0,0.0,0.11764705882352941,0.058823529411764705,0.11764705882352941,0.5609756097560976,13
PHO,2010,0.2887767969735183,0.2652714932126697,0.4717692307692308,0.1378809869375907,0.13986013986013987,0.2755384615384615,0.24071618037135278,0.24220374220374222,0.49461538461538457,0.34374358974358976,0.1717699775952203,0.1888680425265791,0.7365384615384615,0.16666666666666666,0.22628205128205126,0.20555555555555557,0.14963942307692307,0.15897435897435896,0.514964293478047,0.07307692307692307,0.2118758434547908,0.30512820512820515,0.26443639463030044,0.0,0.0,0.0,0.07692307692307693,0.0,0.6585365853658537,5
PHO,2011,0.29315332690453233,0.289143598615917,0.4488235294117647,0.15427302996670367,0.16532976827094475,0.262,0.236815415821501,0.255431902490726,0.4768823529411764,0.32823529411764707,0.15019988577955454,0.16929698708751792,0.7284117647058823,0.14901960784313725,0.22009803921568627,0.19705882352941176,0.16176470588235295,0.21176470588235294,0.4885971181870363,0.06372549019607843,0.21671826625386997,0.3264705882352941,0.26380967899625224,0.0,0.0,0.058823529411764705,0.0,0.058823529411764705,0.4878048780487805,17
PHO,2012,0.27301387137452715,0.2686651583710407,0.4460769230769231,0.11030478955007259,0.13111888111888112,0.25276923076923075,0.23673740053050402,0.25190575190575193,0.48276923076923073,0.32230769230769235,0.13965646004480955,0.15384615384615383,0.7162307692307692,0.15897435897435896,0.22435897435897434,0.20256410256410257,0.15685096153846154,0.19999999999999998,0.48314302875725174,0.0782051282051282,0.21322537112010798,0.28076923076923077,0.23929256339228638,0.0,0.0,0.0,0.07692307692307693,0.0,0.5,18
PHO,2013,0.26065573770491807,0.2674019607843137,0.4294,0.09559748427672957,0.11919191919191921,0.24433333333333335,0.22988505747126436,0.25585585585585585,0.45840000000000003,0.31093333333333334,0.12038834951456309,0.14037940379403793,0.6908666666666666,0.17444444444444446,0.22055555555555553,0.2051851851851852,0.15208333333333332,0.23333333333333334,0.45985915123460214,0.08555555555555555,0.24093567251461986,0.30777777777777776,0.22511542012927055,0.0,0.0,0.0,0.0,0.0,0.3048780487804878,27
PHO,2014,0.2728337236533958,0.26418067226890757,0.45128571428571423,0.14285714285714285,0.15638528138528138,0.24071428571428571,0.2222906403940887,0.2306949806949807,0.4875,0.3284285714285714,0.16296809986130373,0.1806039488966318,0.7187857142857144,0.1571428571428571,0.22738095238095238,0.20396825396825397,0.13560267857142858,0.24285714285714285,0.4910269054371418,0.0630952380952381,0.23308270676691728,0.32023809523809527,0.25029679461812426,0.0,0.0,0.0,0.0,0.0,0.5853658536585366,13
PHO,2015,0.22599531615925061,0.2370448179271709,0.39257142857142857,0.12039532794249774,0.1518759018759019,0.2593809523809524,0.1834975369458128,0.20055770055770056,0.4272857142857143,0.28869841269841273,0.11419325011558021,0.12466124661246611,0.6903333333333334,0.13333333333333333,0.18492063492063493,0.1671957671957672,0.12276785714285714,0.20634920634920634,0.4333081845103318,0.05714285714285714,0.19298245614035087,0.2634920634920635,0.2027437013586598,0.0,0.0,0.047619047619047616,0.047619047619047616,0.047619047619047616,0.47560975609756095,17
PHO,2016,0.23414112615823238,0.25335677749360613,0.4116521739130435,0.11894995898277276,0.15151515151515152,0.23991304347826087,0.19115442278860567,0.22013317665491577,0.46021739130434786,0.30139130434782613,0.13718868720979316,0.1537645811240721,0.6935217391304348,0.15942028985507245,0.21340579710144927,0.19396135265700484,0.1389266304347826,0.23188405797101447,0.45398218313467115,0.05797101449275362,0.24256292906178487,0.3007246376811594,0.21522341322413585,0.0,0.0,0.0,0.0,0.0,0.2804878048780488,27
PHO,2017,0.257473481195757,0.26275951557093424,0.4208823529411765,0.11320754716981134,0.1483957219251337,0.2455294117647059,0.218052738336714,0.23396926338102808,0.4774117647058823,0.30929411764705883,0.1604797258709309,0.1755141080822573,0.7259411764705882,0.18137254901960786,0.23578431372549016,0.2176470588235294,0.1213235294117647,0.22941176470588232,0.46819930392380504,0.06470588235294117,0.20949432404540763,0.3411764705882353,0.23627179403617404,0.0,0.0,0.0,0.0,0.0,0.2926829268292683,29
PHO,2018,0.26862891207153505,0.2800802139037433,0.43263636363636365,0.137221269296741,0.17458677685950413,0.24281818181818185,0.21982758620689655,0.23894348894348896,0.5003636363636363,0.3219393939393939,0.16195939982347748,0.18033998521803396,0.7446818181818181,0.14545454545454545,0.24393939393939393,0.2113636363636364,0.17045454545454544,0.2409090909090909,0.48898461980164093,0.06515151515151515,0.2511961722488038,0.3143939393939394,0.24830017627801562,0.0,0.0,0.0,0.0,0.0,0.25609756097560976,30
PHO,2019,0.23531420765027325,0.2377450980392157,0.39729166666666665,0.13679245283018868,0.17708333333333334,0.19316666666666668,0.18498563218390804,0.18637387387387386,0.4741666666666667,0.29536111111111113,0.1266181229773463,0.14024390243902438,0.6452916666666667,0.12013888888888889,0.23020833333333335,0.19375,0.14680989583333331,0.2472222222222222,0.4380409700208088,0.05902777777777777,0.20467836257309938,0.3347222222222222,0.215258541089566,0.0,0.0,0.0,0.0,0.0,0.23170731707317074,29
PHO,2020,0.2768670309653916,0.26960784313725494,0.43144444444444446,0.1750524109014675,0.1994949494949495,0.29355555555555557,0.21216475095785442,0.2122122122122122,0.5033888888888889,0.32633333333333336,0.1477885652642934,0.14905149051490513,0.8344444444444444,0.15,0.23981481481481481,0.20987654320987653,0.16276041666666666,0.2148148148148148,0.4957875007070428,0.06296296296296296,0.19785575048732942,0.32314814814814813,0.2540781779008926,0.0,0.0,0.0,0.0,0.0,0.4657534246575342,17
PHO,2021,0.27817622950819676,0.25666360294117646,0.477375,0.19811320754716982,0.2088068181818182,0.3364375,0.203125,0.1900337837837838,0.5445625000000001,0.36816666666666664,0.11771844660194174,0.12042682926829268,0.786,0.12395833333333332,0.23072916666666665,0.19479166666666667,0.158203125,0.19166666666666665,0.538338100983241,0.06458333333333333,0.16885964912280702,0.26979166666666665,0.2503462603878116,0.0,0.0,0.0625,0.0,0.0625,0.7083333333333334,2
PHO,2022,0.26844262295081966,0.25716911764705885,0.43085000000000007,0.16415094339622643,0.18333333333333335,0.30025,0.20732758620689654,0.20675675675675675,0.47714999999999996,0.3272333333333333,0.11650485436893203,0.12235772357723576,0.63615,0.16333333333333333,0.24458333333333332,0.21777777777777776,0.16875,0.23666666666666666,0.47982040029717055,0.059166666666666666,0.18859649122807015,0.29,0.23891966759002767,0.0,0.0,0.05,0.0,0.05,0.7804878048780488,1
PHO,2023,0.31803278688524594,0.3045955882352941,0.45555,0.22830188679245284,0.2363636363636364,0.34695,0.23060344827586204,0.23310810810810811,0.49835,0.35216666666666663,0.15388349514563107,0.1621951219512195,0.7454,0.15416666666666667,0.23874999999999996,0.20972222222222223,0.189453125,0.20833333333333331,0.5170336833774976,0.07666666666666666,0.19912280701754387,0.2975,0.2922437673130194,0.0,0.0,0.15,0.05,0.15,0.5487804878048781,10
PHO,2024,0.2659380692167577,0.24530228758169936,0.4863333333333333,0.18238993710691825,0.196969696969697,0.33544444444444443,0.1977969348659004,0.1831831831831832,0.5656111111111112,0.3675925925925926,0.1348435814455232,0.14092140921409213,0.7312777777777778,0.14722222222222223,0.22777777777777775,0.20185185185185184,0.1618923611111111,0.2074074074074074,0.5412111518953219,0.07870370370370369,0.1871345029239766,0.25,0.2459218220991074,0.0,0.0,0.0,0.0,0.0,0.5975609756097561,10
PHO,2025,0.2759562841530055,0.26062091503267976,0.46749999999999997,0.20754716981132076,0.22895622895622894,0.28272222222222226,0.19588122605363986,0.18368368368368368,0.5421111111111111,0.3589259259259259,0.13592233009708737,0.14046973803071364,0.7550555555555555,0.15092592592592594,0.24629629629629632,0.21388888888888888,0.1675347222222222,0.2111111111111111,0.5274619278893744,0.07037037037037036,0.1949317738791423,0.2601851851851852,0.25530932594644506,0.0,0.0,0.05555555555555555,0.0,0.1111111111111111,0.43902439024390244,21
POR,2005,0.273224043715847,0.27254901960784317,0.46286666666666665,0.08679245283018867,0.09595959595959597,0.22353333333333333,0.24827586206896554,0.2762762762762763,0.46986666666666665,0.32706666666666667,0.15663430420711974,0.18373983739837396,0.6867333333333333,0.2011111111111111,0.24000000000000002,0.22666666666666666,0.14791666666666667,0.22444444444444445,0.4840921094049042,0.10333333333333333,0.25380116959064325,0.33888888888888885,0.24321329639889194,0.0,0.0,0.0,0.0,0.0,0.32926829268292684,26
POR,2006,0.2381870781099325,0.24005190311418687,0.4544705882352941,0.0776914539400666,0.08912655971479501,0.2283529411764706,0.21399594320486814,0.24165341812400634,0.47111764705882353,0.32545098039215686,0.13135351227869788,0.1649928263988522,0.6659411764705883,0.15882352941176472,0.19754901960784313,0.1843137254901961,0.11443014705882353,0.19215686274509802,0.4795563217315735,0.08627450980392157,0.21155830753353974,0.33725490196078434,0.2092227472706534,0.0,0.0,0.0,0.058823529411764705,0.0,0.25609756097560976,30
POR,2007,0.2382172131147541,0.2414981617647059,0.4281875,0.0778301886792453,0.09469696969696971,0.224125,0.21551724137931036,0.2393018018018018,0.459625,0.30691666666666667,0.1486650485436893,0.1615853658536585,0.7530625,0.16354166666666667,0.19791666666666666,0.1857638888888889,0.12060546874999999,0.19583333333333333,0.4656694829155067,0.07083333333333333,0.21052631578947367,0.3645833333333333,0.21502770083102493,0.0,0.0,0.0,0.0,0.0,0.3902439024390244,25
POR,2008,0.2534678436317781,0.2570701357466063,0.4216923076923077,0.11175616835994195,0.12412587412587414,0.2653846153846154,0.21485411140583555,0.24047124047124047,0.4454615384615384,0.3105128205128205,0.14861837191934277,0.16072545340838024,0.7460769230769231,0.1564102564102564,0.216025641025641,0.19615384615384615,0.1424278846153846,0.15897435897435896,0.47532469712889913,0.06538461538461539,0.19028340080971662,0.29615384615384616,0.22927764756019603,0.0,0.0,0.0,0.0,0.0,0.5,16
POR,2009,0.27049180327868855,0.2659313725490196,0.42375,0.12421383647798744,0.1351010101010101,0.25966666666666666,0.2298850574712644,0.2451201201201201,0.4435,0.31044444444444447,0.1634304207119741,0.1795392953929539,0.7029166666666667,0.19305555555555554,0.21666666666666667,0.20787037037037037,0.14453125,0.20277777777777775,0.466677887859487,0.075,0.195906432748538,0.31527777777777777,0.24861495844875348,0.0,0.0,0.0,0.0,0.0,0.6585365853658537,6
POR,2010,0.27202868852459017,0.2619485294117647,0.4655625,0.10613207547169812,0.11837121212121213,0.192,0.23706896551724138,0.2505630630630631,0.4991875,0.33366666666666667,0.16686893203883493,0.17886178861788615,0.7601875,0.2125,0.2598958333333333,0.24305555555555555,0.13525390625,0.20208333333333334,0.5046081691544716,0.09999999999999999,0.19298245614035087,0.34791666666666665,0.24653739612188363,0.0,0.0,0.0625,0.125,0.0625,0.6097560975609756,11
POR,2011,0.23529411764705882,0.24070069204152247,0.4361764705882353,0.0876803551609323,0.10472370766488413,0.2343529411764706,0.20740365111561868,0.2323794382617912,0.4571764705882353,0.30992156862745096,0.1387778412335808,0.15112386417981827,0.6902352941176471,0.19509803921568625,0.225,0.21437908496732028,0.13005514705882354,0.2156862745098039,0.46695746329170157,0.06666666666666667,0.20227038183694532,0.3156862745098039,0.21199283037314648,0.0,0.0,0.0,0.11764705882352941,0.058823529411764705,0.5853658536585366,10
POR,2012,0.251205400192864,0.2471885813148789,0.47811764705882354,0.097669256381798,0.1158645276292335,0.18641176470588236,0.21805273833671399,0.2339692633810281,0.4998235294117647,0.3406666666666667,0.1382067390062821,0.15016738402678143,0.6725294117647058,0.17941176470588235,0.22647058823529412,0.21143790849673202,0.13051470588235295,0.22941176470588234,0.5057059251169594,0.07352941176470588,0.2156862745098039,0.27352941176470585,0.22307316278311876,0.0,0.0,0.0,0.058823529411764705,0.058823529411764705,0.42424242424242425,20
POR,2013,0.24262295081967214,0.24803921568627452,0.41286666666666666,0.12955974842767295,0.14898989898989898,0.2422,0.19655172413793104,0.2159159159159159,0.4482,0.3061777777777778,0.12168284789644011,0.1338753387533875,0.6835333333333333,0.14222222222222222,0.20333333333333334,0.18296296296296297,0.14895833333333333,0.19111111111111112,0.4543656067321799,0.05555555555555556,0.21403508771929822,0.27666666666666667,0.2177285318559557,0.0,0.0,0.0,0.0,0.0,0.4024390243902439,21
POR,2014,0.2486338797814208,0.2524509803921569,0.42746666666666666,0.13459119496855348,0.147979797979798,0.24126666666666668,0.2017241379310345,0.22072072072072074,0.4593333333333333,0.31982222222222223,0.141747572815534,0.14634146341463414,0.7963333333333333,0.16666666666666666,0.22944444444444442,0.20888888888888887,0.14166666666666666,0.14444444444444443,0.4795503957704829,0.06111111111111111,0.18830409356725145,0.28,0.22880886426592797,0.0,0.0,0.0,0.0,0.0,0.6585365853658537,7
POR,2015,0.24772313296903464,0.24693627450980393,0.4461666666666667,0.14884696016771487,0.16161616161616163,0.2823333333333333,0.19204980842911878,0.20595595595595595,0.4732777777777778,0.33866666666666667,0.11434735706580366,0.12330623306233061,0.7127222222222223,0.14074074074074072,0.23564814814814816,0.20493827160493827,0.1310763888888889,0.17777777777777776,0.4968655581472335,0.05925925925925926,0.19103313840155944,0.2777777777777778,0.22145275469375192,0.0,0.0,0.05555555555555555,0.0,0.1111111111111111,0.6219512195121951,8
POR,2016,0.2698612862547289,0.2697963800904977,0.4545384615384615,0.169811320754717,0.1824009324009324,0.2784615384615385,0.20888594164456234,0.2221067221067221,0.49338461538461537,0.33507692307692305,0.14040328603435398,0.15572232645403375,0.7501538461538462,0.16025641025641024,0.2391025641025641,0.2128205128205128,0.1466346153846154,0.18717948717948715,0.4947351129472113,0.061538461538461535,0.21457489878542507,0.31666666666666665,0.247815896015342,0.0,0.0,0.0,0.0,0.0,0.5365853658536586,13
POR,2017,0.28196721311475414,0.2735294117647059,0.45346666666666663,0.15345911949685534,0.16666666666666666,0.2934,0.2264367816091954,0.23693693693693693,0.4842666666666667,0.3413777777777778,0.15792880258899675,0.17560975609756097,0.6988,0.17666666666666667,0.2638888888888889,0.23407407407407407,0.15,0.21555555555555556,0.502382003801483,0.08777777777777777,0.2198830409356725,0.32555555555555554,0.25761772853185594,0.0,0.0,0.06666666666666667,0.0,0.06666666666666667,0.5,16
POR,2018,0.272248243559719,0.2660189075630252,0.47814285714285715,0.16172506738544473,0.17532467532467533,0.32707142857142857,0.21243842364532023,0.22136422136422138,0.5123571428571428,0.35614285714285715,0.1393897364771151,0.14692218350754935,0.7500714285714285,0.14880952380952378,0.26011904761904764,0.22301587301587303,0.12611607142857142,0.19999999999999998,0.5224296290633245,0.07261904761904761,0.1954887218045113,0.2988095238095238,0.24752671151563116,0.0,0.0,0.0,0.0,0.0,0.5975609756097561,7
POR,2019,0.2677595628415301,0.25633169934640526,0.46061111111111114,0.15094339622641512,0.1712962962962963,0.3432222222222222,0.21168582375478928,0.211961961961962,0.5129444444444444,0.3449259259259259,0.1343042071197411,0.1422764227642276,0.7446111111111111,0.1638888888888889,0.23287037037037037,0.20864197530864198,0.1306423611111111,0.1703703703703704,0.5084111715039082,0.0611111111111111,0.1881091617933723,0.27314814814814814,0.2413050169282856,0.0,0.0,0.05555555555555555,0.05555555555555555,0.05555555555555555,0.6463414634146342,6
POR,2020,0.3055555555555556,0.2928921568627451,0.46927777777777774,0.19916142557651992,0.2112794612794613,0.3224444444444445,0.23180076628352492,0.23273273273273276,0.5165555555555555,0.35366666666666663,0.15264293419633224,0.15853658536585366,0.7614444444444444,0.19444444444444445,0.2949074074074074,0.26080246913580246,0.14583333333333334,0.22037037037037038,0.5215308234742388,0.1,0.2124756335282651,0.38981481481481484,0.2787011388119421,0.0,0.0,0.05555555555555555,0.0,0.05555555555555555,0.47297297297297297,15
POR,2021,0.29508196721311475,0.29411764705882354,0.4531875,0.24882075471698112,0.2618371212121212,0.3083125,0.19773706896551724,0.20411036036036037,0.502375,0.347375,0.15109223300970873,0.15752032520325202,0.7735000000000001,0.15625,0.24114583333333334,0.21319444444444446,0.14453125,0.20833333333333331,0.5140552490851817,0.07395833333333333,0.16885964912280702,0.28541666666666665,0.27995152354570635,0.0,0.0,0.0625,0.0,0.0625,0.5833333333333334,10
POR,2022,0.30580075662042877,0.3103789592760181,0.43496153846153846,0.2155297532656023,0.25582750582750585,0.2938846153846154,0.22281167108753316,0.22799722799722802,0.4931538461538461,0.33374358974358975,0.14973861090365945,0.16604127579737332,0.7687307692307692,0.1769230769230769,0.26057692307692304,0.23226495726495727,0.1814903846153846,0.2602564102564103,0.49275248982996306,0.07051282051282051,0.23279352226720645,0.3487179487179487,0.2806307266141061,0.0,0.0,0.038461538461538464,0.0,0.038461538461538464,0.32926829268292684,25
POR,2023,0.28244535519125685,0.27144607843137253,0.459875,0.2012578616352201,0.2234848484848485,0.33008333333333334,0.2058189655172414,0.19932432432432434,0.51625,0.3501111111111111,0.14320388349514565,0.16124661246612465,0.6623333333333333,0.14652777777777778,0.2236111111111111,0.19768518518518519,0.18782552083333334,0.24583333333333332,0.5079033487791147,0.07361111111111111,0.20248538011695905,0.3125,0.2611957525392428,0.0,0.0,0.0,0.041666666666666664,0.0,0.4024390243902439,26
POR,2024,0.2727272727272727,0.2824197860962567,0.43036363636363634,0.17924528301886794,0.21418732782369146,0.2545909090909091,0.2053291536050157,0.21785421785421785,0.47113636363636363,0.32584848484848483,0.1297440423654016,0.139320029563932,0.7020454545454545,0.18181818181818182,0.2196969696969697,0.20707070707070707,0.16370738636363635,0.21818181818181817,0.4761678532937328,0.06742424242424241,0.22807017543859648,0.2962121212121212,0.24767061193653991,0.0,0.0,0.0,0.0,0.0,0.25609756097560976,28
POR,2025,0.26639344262295084,0.2687908496732026,0.43866666666666665,0.18763102725366876,0.22516835016835016,0.29766666666666663,0.19588122605363986,0.1961961961961962,0.5231666666666667,0.3329259259259259,0.12513484358144553,0.14137308039747062,0.6741111111111111,0.2101851851851852,0.22962962962962966,0.2234567901234568,0.14930555555555555,0.26296296296296295,0.4866941644162306,0.08333333333333333,0.2280701754385965,0.25555555555555554,0.24330563250230838,0.0,0.0,0.0,0.0,0.0,0.43902439024390244,22
SAC,2005,0.319672131147541,0.30990484429065746,0.4695882352941177,0.10432852386237514,0.11497326203208556,0.21388235294117647,0.28752535496957404,0.31107578166401695,0.4873529411764706,0.33066666666666666,0.18446601941747573,0.20181731229076996,0.7222941176470589,0.22745098039215686,0.2627450980392157,0.25130718954248366,0.18887867647058823,0.2745098039215686,0.49241634451125244,0.0696078431372549,0.2260061919504644,0.361764705882353,0.2836890989082614,0.0,0.0,0.0,0.0,0.0,0.6097560975609756,8
SAC,2006,0.30138713745271123,0.30514705882352944,0.4465384615384615,0.1262699564586357,0.14685314685314685,0.31430769230769234,0.2592838196286472,0.28655578655578656,0.4754615384615385,0.319948717948718,0.2053771471247199,0.21951219512195122,0.7666153846153847,0.17948717948717946,0.2557692307692308,0.23034188034188036,0.17067307692307693,0.26666666666666666,0.49001689472784443,0.06282051282051282,0.2496626180836707,0.3551282051282051,0.28126997656083524,0.0,0.0,0.0,0.0,0.0,0.5365853658536586,12
SAC,2007,0.2535128805620609,0.2505252100840336,0.4494285714285714,0.09703504043126686,0.11201298701298702,0.22692857142857142,0.22167487684729065,0.24002574002574,0.4745,0.3212857142857143,0.18793342579750347,0.21080139372822299,0.7176428571428571,0.1630952380952381,0.22083333333333335,0.20119047619047617,0.13337053571428573,0.2357142857142857,0.4867385802199044,0.04880952380952381,0.21428571428571427,0.3416666666666667,0.23802928373565493,0.0,0.0,0.0,0.07142857142857142,0.0,0.4024390243902439,23
SAC,2008,0.24043715846994537,0.24101307189542487,0.42744444444444446,0.09748427672955975,0.10227272727272728,0.21055555555555555,0.20929118773946362,0.23423423423423426,0.4415,0.30292592592592593,0.1645091693635383,0.17931345980126467,0.6563333333333333,0.14722222222222223,0.20509259259259258,0.1845679012345679,0.1293402777777778,0.22407407407407406,0.4565637127097386,0.05185185185185185,0.23294346978557506,0.3222222222222222,0.22422283779624502,0.0,0.0,0.0,0.05555555555555555,0.0,0.4634146341463415,18
SAC,2009,0.26926229508196725,0.2661764705882353,0.44894999999999996,0.12452830188679245,0.13106060606060607,0.26325,0.2271551724137931,0.24864864864864863,0.46525,0.32483333333333336,0.1825242718446602,0.18861788617886177,0.75065,0.16416666666666666,0.24625,0.21888888888888886,0.12578125,0.19666666666666666,0.496696295619126,0.057499999999999996,0.22807017543859648,0.34500000000000003,0.25235457063711914,0.0,0.0,0.0,0.0,0.0,0.2073170731707317,30
SAC,2010,0.2497842968075928,0.24709752321981426,0.44252631578947366,0.08440913604766634,0.09609250398724083,0.20442105263157895,0.22459165154264973,0.2453769559032717,0.4600526315789473,0.31252631578947365,0.14563106796116504,0.16902011125374408,0.6778947368421052,0.17456140350877192,0.21447368421052632,0.202046783625731,0.12006578947368421,0.18245614035087718,0.4655192316751685,0.06578947368421052,0.20498614958448752,0.3078947368421052,0.2224814112844438,0.0,0.0,0.0,0.0,0.0,0.3048780487804878,28
SAC,2011,0.31381733021077285,0.3132878151260504,0.45,0.11320754716981132,0.13095238095238096,0.24042857142857144,0.2789408866995074,0.3063063063063063,0.4788571428571428,0.32290476190476186,0.16920943134535366,0.19163763066202089,0.7424285714285714,0.1988095238095238,0.23214285714285715,0.221031746031746,0.15680803571428573,0.2523809523809524,0.48318397581662575,0.07023809523809524,0.2656641604010025,0.3404761904761905,0.27661258409180844,0.0,0.0,0.0,0.0,0.0,0.2926829268292683,26
SAC,2012,0.2579234972677596,0.2676470588235294,0.41859999999999997,0.09937106918238994,0.12676767676767678,0.20993333333333333,0.22701149425287356,0.25255255255255254,0.45386666666666664,0.3018222222222222,0.13527508090614887,0.15501355013550133,0.6980666666666667,0.18555555555555556,0.21444444444444447,0.20592592592592593,0.1265625,0.24666666666666665,0.45033987943570936,0.07555555555555556,0.20467836257309943,0.2733333333333333,0.22733148661126498,0.0,0.0,0.0,0.06666666666666667,0.0,0.3333333333333333,26
SAC,2013,0.25973360655737704,0.2612591911764706,0.44737499999999997,0.125,0.13589015151515152,0.2494375,0.2182112068965517,0.23902027027027029,0.4703125,0.3279166666666667,0.1328883495145631,0.1453252032520325,0.7669374999999999,0.16979166666666667,0.21354166666666666,0.19722222222222224,0.1376953125,0.23958333333333331,0.4874751978457599,0.065625,0.2094298245614035,0.309375,0.23251385041551245,0.0,0.0,0.0,0.0,0.0,0.34146341463414637,25
SAC,2014,0.2228017883755589,0.2289438502673797,0.4182272727272727,0.08662092624356776,0.10709366391184573,0.20909090909090908,0.1943573667711599,0.21703521703521703,0.43927272727272726,0.2996060606060606,0.1412180052956752,0.15631929046563192,0.714090909090909,0.1696969696969697,0.21174242424242423,0.19797979797979795,0.12357954545454546,0.19848484848484846,0.4538276902575927,0.048484848484848485,0.18740031897926634,0.31742424242424244,0.2029715436917653,0.0,0.0,0.0,0.0,0.0,0.34146341463414637,24
SAC,2015,0.2546106557377049,0.25528492647058826,0.43643750000000003,0.0884433962264151,0.10558712121212122,0.23575000000000002,0.22683189655172414,0.24971846846846846,0.45875,0.3132083333333333,0.19720873786407767,0.2205284552845528,0.723375,0.15520833333333334,0.24270833333333333,0.21215277777777777,0.1650390625,0.22499999999999998,0.48338351473284125,0.056249999999999994,0.2576754385964912,0.296875,0.24065096952908588,0.0,0.0,0.0,0.0,0.0,0.35365853658536583,25
SAC,2016,0.28469945355191256,0.29068627450980394,0.4504,0.1547169811320755,0.1707070707070707,0.2794666666666667,0.23045977011494254,0.25495495495495496,0.47419999999999995,0.3331111111111111,0.15016181229773462,0.17452574525745257,0.6660666666666667,0.16999999999999998,0.24833333333333335,0.2214814814814815,0.16145833333333331,0.2711111111111111,0.4885193017830783,0.06555555555555555,0.22923976608187135,0.3111111111111111,0.2581717451523546,0.0,0.0,0.0,0.0,0.06666666666666667,0.4024390243902439,23
SAC,2017,0.2950819672131148,0.2921826625386997,0.4536315789473684,0.18570009930486595,0.1893939393939394,0.3232631578947368,0.22640653357531762,0.2460881934566145,0.46289473684210525,0.34382456140350875,0.1548288196218702,0.16730851519041506,0.7290526315789474,0.13421052631578947,0.2530701754385965,0.21257309941520466,0.16899671052631576,0.2421052631578947,0.50877564802792,0.058771929824561406,0.24469067405355494,0.3026315789473684,0.2710307625018224,0.0,0.0,0.0,0.0,0.05263157894736842,0.3902439024390244,23
SAC,2018,0.25,0.25449346405228757,0.4318888888888889,0.1278825995807128,0.14604377104377106,0.2840555555555555,0.20450191570881227,0.22522522522522526,0.4638333333333333,0.319037037037037,0.10140237324703344,0.11517615176151762,0.6614444444444445,0.15185185185185185,0.22777777777777775,0.20185185185185184,0.12977430555555552,0.20555555555555555,0.4696212601632957,0.06574074074074074,0.1793372319688109,0.2916666666666667,0.21622037550015388,0.0,0.0,0.0,0.0,0.0,0.32926829268292684,25
SAC,2019,0.2528688524590164,0.24779411764705883,0.45410000000000006,0.15566037735849056,0.1738636363636364,0.27515,0.1952586206896552,0.2,0.53015,0.33836666666666665,0.10970873786407767,0.13130081300813007,0.6435500000000001,0.13999999999999999,0.22041666666666665,0.1938888888888889,0.137890625,0.21166666666666667,0.492901888118449,0.056666666666666664,0.16228070175438597,0.29500000000000004,0.225207756232687,0.0,0.0,0.0,0.0,0.0,0.47560975609756095,19
SAC,2020,0.2603434816549571,0.24754901960784317,0.4663333333333333,0.1491464510332435,0.17496392496392496,0.2567619047619048,0.20689655172413796,0.19884169884169883,0.5475238095238095,0.3439047619047619,0.12713823393435042,0.1389856755710414,0.7461428571428572,0.1634920634920635,0.2515873015873016,0.22142857142857145,0.1253720238095238,0.2111111111111111,0.5088490896055455,0.06349206349206349,0.18379281537176273,0.35396825396825393,0.23400606780108163,0.0,0.0,0.0,0.0,0.0,0.4305555555555556,20
SAC,2021,0.28103044496487123,0.26260504201680673,0.4788571428571428,0.17430368373764601,0.19624819624819625,0.29723809523809525,0.2171592775041051,0.20484770484770487,0.5436666666666666,0.35828571428571426,0.1262135922330097,0.1416957026713124,0.7465714285714287,0.13968253968253969,0.2273809523809524,0.19735449735449737,0.15364583333333334,0.22380952380952382,0.5260387058483402,0.0746031746031746,0.1871345029239766,0.2873015873015873,0.25181374488853714,0.0,0.0,0.0,0.047619047619047616,0.0,0.4305555555555556,23
SAC,2022,0.2708333333333333,0.271139705882353,0.4232916666666667,0.16981132075471697,0.20486111111111113,0.306875,0.20689655172413793,0.20983483483483487,0.47504166666666664,0.31716666666666665,0.14846278317152103,0.16260162601626016,0.709625,0.15069444444444444,0.2465277777777778,0.21435185185185188,0.15559895833333331,0.20416666666666664,0.48568722012726734,0.06458333333333333,0.20175438596491227,0.2881944444444444,0.25034626038781166,0.0,0.0,0.0,0.0,0.0,0.36585365853658536,24
SAC,2023,0.2587090163934426,0.2336856617647059,0.49524999999999997,0.1839622641509434,0.2012310606060606,0.3230625,0.1896551724137931,0.1669481981981982,0.5708125,0.3772916666666667,0.13470873786407767,0.14380081300813008,0.7245,0.13125,0.20520833333333333,0.18055555555555555,0.1533203125,0.17291666666666666,0.5502691203854481,0.04791666666666666,0.16885964912280702,0.26875,0.24013157894736842,0.0,0.0,0.0,0.0,0.0,0.5853658536585366,7
SAC,2024,0.26229508196721313,0.25045955882352944,0.45787500000000003,0.20754716981132076,0.23106060606060608,0.312,0.1804956896551724,0.16948198198198197,0.5191250000000001,0.36070833333333335,0.10861650485436893,0.12398373983739835,0.6988125,0.14270833333333333,0.21041666666666667,0.18645833333333334,0.16406249999999997,0.19583333333333333,0.5174501671528335,0.05520833333333333,0.1644736842105263,0.26458333333333334,0.23874653739612187,0.0,0.0,0.125,0.0,0.125,0.5609756097560976,18
SAC,2025,0.25956284153005466,0.2489495798319328,0.4364761904761905,0.17610062893081763,0.20310245310245312,0.3221904761904762,0.19129720853858787,0.18447018447018448,0.49647619047619046,0.33806349206349207,0.11974110032362459,0.1262098335269067,0.6743333333333333,0.1388888888888889,0.20793650793650792,0.18544973544973545,0.15773809523809523,0.1968253968253968,0.4929620362661807,0.051587301587301584,0.17543859649122806,0.24682539682539684,0.23545706371191133,0.0,0.0,0.047619047619047616,0.047619047619047616,0.047619047619047616,0.4878048780487805,17
SAS,2005,0.2295081967213115,0.23291522491349484,0.4032941176470588,0.07436182019977802,0.09090909090909091,0.21564705882352941,0.20588235294117646,0.23158452570217278,0.43017647058823527,0.2900784313725491,0.14905768132495714,0.17120994739359155,0.6841764705882353,0.1784313725490196,0.21029411764705883,0.19967320261437907,0.1176470588235294,0.1941176470588235,0.4447591778124104,0.09509803921568627,0.18163054695562433,0.3009803921568628,0.20857096301124328,0.0,0.0,0.0,0.0,0.0,0.7195121951219512,3
SAS,2006,0.24648711943793913,0.2339810924369748,0.4660714285714286,0.09838274932614556,0.10551948051948053,0.28835714285714287,0.21305418719211824,0.22393822393822396,0.48450000000000004,0.33980952380952384,0.12829403606102635,0.15331010452961674,0.6834285714285714,0.14166666666666666,0.21190476190476187,0.1884920634920635,0.13448660714285715,0.19047619047619047,0.4973399708006863,0.07619047619047618,0.19423558897243107,0.294047619047619,0.21745152354570635,0.0,0.0,0.07142857142857142,0.21428571428571427,0.07142857142857142,0.7682926829268293,2
SAS,2007,0.23155737704918036,0.22380514705882354,0.44575,0.10141509433962265,0.10795454545454546,0.2724375,0.19827586206896552,0.2105855855855856,0.463875,0.32945833333333335,0.14320388349514562,0.15853658536585363,0.7428125,0.12291666666666666,0.209375,0.18090277777777777,0.1279296875,0.19374999999999998,0.4961600551633034,0.06249999999999999,0.18530701754385964,0.26979166666666665,0.21208448753462603,0.0,0.0,0.125,0.125,0.0625,0.7073170731707317,3
SAS,2008,0.20276100086281276,0.2043343653250774,0.42015789473684206,0.1002979145978153,0.1160287081339713,0.23478947368421055,0.16560798548094374,0.18207681365576103,0.47815789473684217,0.3155438596491228,0.10168625447112926,0.11339323919554985,0.6340526315789474,0.10614035087719298,0.18640350877192982,0.15935672514619884,0.11225328947368421,0.17017543859649123,0.46208702090736226,0.04298245614035088,0.14681440443213295,0.23684210526315788,0.1810759585945473,0.0,0.0,0.10526315789473684,0.10526315789473684,0.05263157894736842,0.6829268292682927,5
SAS,2009,0.22303710094909407,0.2215557275541796,0.4351052631578947,0.10526315789473684,0.12240829346092504,0.2605263157894737,0.18602540834845738,0.19890943575154102,0.4581578947368421,0.3234385964912281,0.12110373019928461,0.13222079589216942,0.7004736842105262,0.1324561403508772,0.20526315789473684,0.18128654970760236,0.12212171052631579,0.1456140350877193,0.48029101902159327,0.04824561403508772,0.16528162511542013,0.2649122807017544,0.2003207464644992,0.0,0.0,0.10526315789473684,0.10526315789473684,0.10526315789473684,0.6585365853658537,7
SAS,2010,0.24436475409836067,0.2336856617647059,0.4609375,0.09905660377358491,0.11268939393939395,0.223875,0.2117456896551724,0.21931306306306306,0.498375,0.33458333333333334,0.13774271844660194,0.15599593495934957,0.6944375,0.13229166666666667,0.20416666666666666,0.18055555555555555,0.1416015625,0.18333333333333332,0.49728399780335036,0.071875,0.18859649122807018,0.2760416666666667,0.21849030470914127,0.0,0.0,0.125,0.0625,0.125,0.6097560975609756,12
SAS,2011,0.21174863387978143,0.2079248366013072,0.40794444444444444,0.11530398322851153,0.12415824915824916,0.22238888888888889,0.17049808429118773,0.18093093093093093,0.4361111111111111,0.30762962962962964,0.1111111111111111,0.1255645889792231,0.5657222222222222,0.11388888888888887,0.18425925925925926,0.16080246913580246,0.12239583333333333,0.1648148148148148,0.4496264882687242,0.05185185185185184,0.15886939571150097,0.23703703703703705,0.1912896275777162,0.0,0.0,0.05555555555555555,0.05555555555555555,0.05555555555555555,0.7439024390243902,2
SAS,2012,0.22599531615925061,0.22076330532212884,0.41319047619047616,0.11051212938005392,0.13167388167388167,0.22828571428571426,0.1867816091954023,0.191977691977692,0.48223809523809524,0.305015873015873,0.11927877947295422,0.12853271389856755,0.718952380952381,0.1373015873015873,0.19722222222222222,0.17777777777777778,0.13653273809523808,0.20476190476190476,0.4728884332511689,0.050793650793650794,0.1846282372598162,0.23095238095238094,0.2023479752011608,0.0,0.0,0.09523809523809523,0.047619047619047616,0.047619047619047616,0.7575757575757576,2
SAS,2013,0.2581967213114754,0.24310661764705882,0.47468750000000004,0.12264150943396228,0.13304924242424243,0.2979375,0.21605603448275862,0.21818693693693694,0.5100625,0.3534583333333333,0.1304611650485437,0.13922764227642276,0.772875,0.11458333333333333,0.22343749999999998,0.18715277777777778,0.16113281249999997,0.23124999999999998,0.5214163270960833,0.075,0.20723684210526316,0.24375,0.23060941828254847,0.0,0.0,0.125,0.0,0.0625,0.7073170731707317,3
SAS,2014,0.22476272648835205,0.2159442724458204,0.44910526315789473,0.10625620655412116,0.11124401913875599,0.22394736842105262,0.18829401088929218,0.19938359412043624,0.4810526315789474,0.32792982456140346,0.10475217169136433,0.12023962344886605,0.7368421052631579,0.11491228070175437,0.23771929824561402,0.19590643274853803,0.12911184210526316,0.1614035087719298,0.48372865237237805,0.07456140350877193,0.1763619575253924,0.22017543859649125,0.19696748797200755,0.0,0.0,0.10526315789473684,0.05263157894736842,0.10526315789473684,0.7560975609756098,1
SAS,2015,0.2386692381870781,0.2309688581314879,0.46299999999999997,0.11542730299667037,0.13190730837789663,0.2707647058823529,0.19827586206896552,0.20455749867514572,0.5119411764705882,0.3382352941176471,0.11650485436893203,0.12386417981826876,0.76,0.12941176470588234,0.21323529411764705,0.18366013071895426,0.13648897058823528,0.196078431372549,0.5002655464846385,0.06764705882352941,0.17647058823529413,0.2529411764705882,0.2116669382434414,0.0,0.0,0.11764705882352941,0.11764705882352941,0.058823529411764705,0.6707317073170732,6
SAS,2016,0.24590163934426232,0.22923875432525953,0.4774117647058823,0.09988901220865705,0.107397504456328,0.3003529411764706,0.21196754563894524,0.21727609962904082,0.5123529411764707,0.34850980392156866,0.12450028555111364,0.12864658058345288,0.7825882352941177,0.11764705882352941,0.2156862745098039,0.1823529411764706,0.14659926470588236,0.21176470588235294,0.51831189733226,0.07156862745098039,0.1702786377708978,0.22156862745098038,0.21574058986475475,0.0,0.058823529411764705,0.17647058823529413,0.11764705882352941,0.11764705882352941,0.8170731707317073,2
SAS,2017,0.2412909836065574,0.23276654411764705,0.4696875,0.1332547169811321,0.1377840909090909,0.3123125,0.1939655172413793,0.20270270270270271,0.4961875,0.352,0.1262135922330097,0.13414634146341461,0.782875,0.125,0.21197916666666666,0.18263888888888888,0.14501953125,0.19374999999999998,0.5201398043623627,0.07291666666666666,0.17982456140350878,0.23854166666666665,0.21935595567867033,0.0,0.0625,0.0625,0.0625,0.125,0.7439024390243902,2
SAS,2018,0.24831243972999034,0.2432958477508651,0.4485882352941177,0.1220865704772475,0.14081996434937613,0.2865294117647059,0.20689655172413793,0.2148913619501855,0.49076470588235294,0.33250980392156865,0.12849800114220444,0.13868962219033953,0.7056470588235294,0.12745098039215685,0.22401960784313726,0.1918300653594771,0.13694852941176472,0.22352941176470587,0.4946242475479181,0.07647058823529412,0.17956656346749225,0.22549019607843135,0.22258432458856117,0.0,0.0,0.058823529411764705,0.11764705882352941,0.058823529411764705,0.573170731707317,13
SAS,2019,0.2763466042154567,0.26286764705882354,0.46349999999999997,0.14690026954177898,0.15043290043290045,0.31678571428571434,0.22413793103448273,0.2323037323037323,0.4906428571428571,0.3483809523809524,0.13522884882108183,0.1411149825783972,0.7990714285714285,0.1261904761904762,0.2517857142857143,0.2095238095238095,0.15904017857142858,0.17142857142857143,0.5170173407123323,0.06547619047619048,0.16791979949874686,0.2488095238095238,0.24772457459438066,0.0,0.0,0.14285714285714285,0.0,0.14285714285714285,0.5853658536585366,13
SAS,2020,0.26181292189006755,0.24956747404844287,0.46188235294117647,0.15316315205327413,0.16399286987522282,0.35605882352941176,0.20537525354969577,0.20932697403285638,0.4903529411764706,0.34627450980392155,0.14391776127926897,0.15016738402678143,0.7549411764705882,0.12254901960784312,0.24068627450980393,0.20098039215686272,0.14659926470588236,0.1784313725490196,0.5174747051641799,0.07647058823529412,0.1723426212590299,0.27058823529411763,0.2400195535277823,0.0,0.0,0.0,0.0,0.0,0.4507042253521127,19
SAS,2021,0.2782063645130184,0.27011245674740486,0.46905882352941175,0.1564927857935627,0.1800356506238859,0.3574705882352941,0.2200811359026369,0.22469528351881293,0.5231764705882354,0.3476470588235294,0.14106225014277554,0.14777618364418937,0.7715882352941177,0.12450980392156863,0.23431372549019608,0.19705882352941176,0.14981617647058823,0.19019607843137254,0.51705917521034,0.06862745098039215,0.1568627450980392,0.24803921568627452,0.2507739938080495,0.0,0.0,0.0,0.0,0.0,0.4583333333333333,20
SAS,2022,0.23521026372059872,0.2317774936061381,0.42343478260869566,0.14520098441345364,0.16963109354413702,0.27217391304347827,0.1810344827586207,0.1829220524872699,0.4779130434782609,0.315536231884058,0.11988180666948078,0.13538352774832094,0.6851739130434783,0.1355072463768116,0.2068840579710145,0.18357487922705315,0.1514945652173913,0.1898550724637681,0.5036781998867883,0.06376811594202898,0.15331807780320367,0.22101449275362317,0.2147416596410936,0.0,0.0,0.0,0.0,0.0,0.4146341463414634,22
SAS,2023,0.2836778332145403,0.27893222506393867,0.4589565217391305,0.18539786710418377,0.21673254281949936,0.2911739130434783,0.21439280359820093,0.2119075597336467,0.5313043478260869,0.34478260869565214,0.1274799493457155,0.14528101802757157,0.7201304347826086,0.1717391304347826,0.2333333333333333,0.21304347826086958,0.18240489130434784,0.19130434782608693,0.5053995619623877,0.059420289855072465,0.23188405797101447,0.2898550724637681,0.2549680838251234,0.0,0.0,0.0,0.0,0.0,0.2682926829268293,29
SAS,2024,0.2557377049180328,0.2386029411764706,0.512,0.169811320754717,0.19393939393939394,0.33535,0.19137931034482758,0.1777027027027027,0.5841999999999999,0.38516666666666666,0.10825242718446601,0.11626016260162601,0.69615,0.13833333333333334,0.21666666666666665,0.18916666666666668,0.169921875,0.17666666666666667,0.5600315640192773,0.07666666666666666,0.17543859649122806,0.2316666666666667,0.22867036011080327,0.0,0.0,0.0,0.0,0.0,0.2682926829268293,26
SAS,2025,0.2586065573770492,0.24871323529411765,0.45675,0.18301886792452832,0.2128787878787879,0.28595000000000004,0.1875,0.1786036036036036,0.5334,0.3487,0.11796116504854368,0.1268292682926829,0.68195,0.14166666666666666,0.2245833333333333,0.1963888888888889,0.176171875,0.21666666666666665,0.508483231248576,0.0775,0.18157894736842103,0.21999999999999997,0.23490304709141271,0.0,0.0,0.0,0.05,0.0,0.4146341463414634,23
TOR,2005,0.24385245901639346,0.25137867647058826,0.4268125,0.11084905660377359,0.12357954545454546,0.24181249999999999,0.20689655172413793,0.23536036036036037,0.44656250000000003,0.30591666666666667,0.15594660194174756,0.17276422764227642,0.7424375,0.15729166666666666,0.2109375,0.19305555555555556,0.1416015625,0.23333333333333334,0.47703484580175803,0.06145833333333333,0.18969298245614036,0.346875,0.22610803324099724,0.0,0.0,0.0,0.0,0.0,0.4024390243902439,24
TOR,2006,0.22806171648987464,0.23529411764705882,0.4102941176470588,0.09322974472807992,0.11096256684491979,0.18717647058823528,0.1977687626774848,0.2217806041335453,0.42705882352941177,0.2931764705882353,0.15648201027984007,0.1759923481587757,0.7031764705882353,0.15784313725490198,0.20392156862745098,0.18888888888888888,0.12270220588235294,0.1784313725490196,0.4519007517318038,0.048039215686274506,0.1785345717234262,0.35784313725490197,0.21215577643799902,0.0,0.0,0.0,0.0,0.0,0.32926829268292684,26
TOR,2007,0.2804449648711944,0.2754726890756303,0.45664285714285713,0.12264150943396226,0.14015151515151517,0.29185714285714287,0.23830049261083744,0.2538610038610039,0.49128571428571427,0.33414285714285713,0.1685159500693481,0.17944250871080136,0.7655714285714286,0.13095238095238096,0.22380952380952382,0.19206349206349208,0.15625,0.2261904761904762,0.5020886263194283,0.05952380952380953,0.2055137844611529,0.32023809523809527,0.2558369608231104,0.0,0.0,0.0,0.0,0.0,0.573170731707317,9
TOR,2008,0.23577627772420442,0.2309688581314879,0.4488235294117647,0.09433962264150944,0.09982174688057041,0.2961764705882353,0.20537525354969574,0.22363540010598837,0.46052941176470585,0.3231764705882353,0.12678469446030838,0.13103778096604496,0.7637647058823529,0.12549019607843137,0.1892156862745098,0.1673202614379085,0.13924632352941177,0.17647058823529413,0.48650811502494756,0.04901960784313725,0.16202270381836947,0.25882352941176473,0.20938569333550594,0.0,0.0,0.058823529411764705,0.058823529411764705,0.058823529411764705,0.5,15
TOR,2009,0.2647058823529412,0.2595155709342561,0.4406470588235294,0.0832408435072142,0.09224598930481284,0.2146470588235294,0.23985801217038538,0.26285108638049814,0.4677058823529412,0.31407843137254904,0.1473443746430611,0.15542802486848398,0.7555882352941177,0.16666666666666666,0.2269607843137255,0.2068627450980392,0.14751838235294118,0.18823529411764706,0.4739087967470637,0.07549019607843137,0.20123839009287925,0.3009803921568628,0.23301287273912336,0.0,0.0,0.0,0.0,0.0,0.4024390243902439,22
TOR,2010,0.272248243559719,0.25367647058823534,0.4852142857142857,0.09838274932614556,0.1066017316017316,0.23642857142857143,0.2432266009852217,0.24678249678249678,0.5106428571428572,0.3456190476190476,0.16504854368932037,0.18292682926829265,0.6879285714285714,0.15119047619047618,0.22261904761904763,0.198015873015873,0.14508928571428573,0.16904761904761906,0.5160024556172195,0.06904761904761904,0.20175438596491227,0.32976190476190476,0.24633953304313413,0.0,0.0,0.0,0.07142857142857142,0.0,0.4878048780487805,19
TOR,2011,0.26926229508196725,0.2606617647058823,0.44894999999999996,0.08679245283018869,0.10416666666666667,0.22545,0.24224137931034484,0.25720720720720724,0.483,0.32016666666666665,0.1558252427184466,0.17398373983739837,0.73175,0.16666666666666666,0.21916666666666665,0.20166666666666666,0.15390625,0.21333333333333332,0.5013747215162827,0.059166666666666666,0.23596491228070177,0.335,0.2385041551246537,0.0,0.0,0.0,0.0,0.0,0.2682926829268293,28
TOR,2012,0.24043715846994537,0.2542892156862745,0.4172777777777778,0.1037735849056604,0.12584175084175084,0.23794444444444446,0.20593869731800765,0.23698698698698703,0.44055555555555553,0.30192592592592593,0.1402373247033441,0.15266485998193313,0.7221666666666667,0.1398148148148148,0.224537037037037,0.19475308641975309,0.1506076388888889,0.18333333333333332,0.4537162528038168,0.06296296296296296,0.22709551656920077,0.3351851851851852,0.21806709756848258,0.0,0.0,0.0,0.0,0.0,0.3484848484848485,24
TOR,2013,0.26183970856102,0.27103758169934644,0.4425,0.12997903563941302,0.1548821548821549,0.2597222222222222,0.21695402298850575,0.24024024024024027,0.46494444444444444,0.32396296296296295,0.14670981661272922,0.15627822944896114,0.741111111111111,0.1537037037037037,0.22499999999999998,0.2021604938271605,0.1519097222222222,0.2185185185185185,0.483876978790299,0.07222222222222223,0.20857699805068225,0.34444444444444444,0.2379193598030163,0.0,0.0,0.0,0.0,0.0,0.4146341463414634,20
TOR,2014,0.22088006902502158,0.2300696594427245,0.43236842105263157,0.12214498510427012,0.13277511961722488,0.251,0.17740471869328492,0.20270270270270271,0.45721052631578946,0.3215789473684211,0.14001021972406744,0.1489088575096277,0.7794210526315789,0.14736842105263157,0.20614035087719298,0.1868421052631579,0.12582236842105263,0.19298245614035087,0.4872726620343219,0.056140350877192984,0.19759926131117264,0.30350877192982456,0.20717305729698207,0.0,0.0,0.0,0.0,0.0,0.5853658536585366,12
TOR,2015,0.2930327868852459,0.28768382352941174,0.4765,0.14779874213836477,0.1691919191919192,0.2796666666666667,0.23994252873563218,0.2515015015015015,0.5066666666666667,0.3450555555555555,0.18042071197411003,0.19173441734417343,0.747,0.16944444444444443,0.24027777777777778,0.21666666666666667,0.15690104166666666,0.24166666666666667,0.5138267575264216,0.06527777777777778,0.20467836257309943,0.3263888888888889,0.2700831024930748,0.0,0.0,0.0,0.0,0.0,0.5975609756097561,11
TOR,2016,0.2551912568306011,0.2573529411764706,0.4437333333333333,0.14339622641509434,0.15555555555555556,0.29613333333333336,0.2028735632183908,0.22252252252252255,0.46413333333333334,0.3280888888888889,0.16375404530744336,0.17831978319783198,0.6841333333333334,0.15555555555555556,0.2411111111111111,0.21148148148148146,0.11822916666666666,0.23777777777777775,0.4868358089366609,0.0811111111111111,0.18479532163742687,0.28888888888888886,0.23951985226223452,0.0,0.0,0.0,0.06666666666666667,0.0,0.6829268292682927,4
TOR,2017,0.2807377049180328,0.27550551470588236,0.4583125,0.15919811320754718,0.1766098484848485,0.3135,0.22198275862068967,0.23226351351351351,0.4945625,0.3403333333333333,0.15958737864077668,0.16717479674796745,0.7420625,0.16145833333333331,0.25104166666666666,0.22187500000000002,0.12353515625,0.2583333333333333,0.50570539212954,0.08229166666666667,0.18421052631578946,0.3302083333333333,0.2581371191135734,0.0,0.0,0.0625,0.0625,0.0625,0.6219512195121951,7
TOR,2018,0.2568306010928962,0.24460784313725492,0.48213333333333336,0.16855345911949687,0.19646464646464648,0.3201333333333333,0.19310344827586207,0.1831831831831832,0.5918,0.36408888888888885,0.12297734627831715,0.12845528455284552,0.7414666666666666,0.11999999999999998,0.21888888888888888,0.1862962962962963,0.14114583333333333,0.19777777777777777,0.5298998073069336,0.07666666666666666,0.16374269005847955,0.27444444444444444,0.23268698060941828,0.0,0.0,0.06666666666666667,0.0,0.06666666666666667,0.7195121951219512,2
TOR,2019,0.2655737704918033,0.25477941176470587,0.4524,0.17924528301886794,0.19507575757575757,0.3661,0.19870689655172413,0.1954954954954955,0.49139999999999995,0.3509,0.13058252427184464,0.13577235772357724,0.7722,0.1325,0.24708333333333332,0.20805555555555558,0.15468749999999998,0.21833333333333332,0.5173901282605549,0.075,0.18684210526315786,0.2975,0.24307479224376732,0.0,0.0,0.0,0.0,0.0,0.7073170731707317,2
TOR,2020,0.2730532786885246,0.2686121323529412,0.4496875,0.22051886792452832,0.23674242424242425,0.3499375,0.18696120689655174,0.18890765765765766,0.519,0.3550833333333333,0.1486650485436893,0.1570121951219512,0.7418125,0.13125,0.253125,0.21284722222222222,0.16748046875,0.25416666666666665,0.5246318930435285,0.06874999999999999,0.20833333333333334,0.303125,0.25882963988919666,0.0,0.0,0.0,0.0,0.0,0.7361111111111112,2
TOR,2021,0.27384500745156487,0.2747326203208556,0.47150000000000003,0.2298456260720412,0.25516528925619836,0.32945454545454544,0.18260188087774296,0.1857084357084357,0.5217727272727273,0.3699393939393939,0.13724624889673434,0.14375461936437545,0.7873181818181819,0.14166666666666666,0.23295454545454544,0.20252525252525252,0.15092329545454544,0.2303030303030303,0.5448962372718026,0.075,0.17464114832535885,0.3196969696969697,0.2579954671367414,0.0,0.0,0.045454545454545456,0.0,0.045454545454545456,0.375,24
TOR,2022,0.26065573770491807,0.26378676470588236,0.44909999999999994,0.1849056603773585,0.22007575757575756,0.28490000000000004,0.19094827586206897,0.1927927927927928,0.53505,0.34376666666666666,0.12427184466019417,0.13617886178861788,0.68225,0.1775,0.22666666666666666,0.20972222222222223,0.146875,0.27999999999999997,0.5047077021829219,0.06083333333333333,0.15964912280701754,0.28833333333333333,0.2380886426592798,0.0,0.0,0.0,0.0,0.0,0.5853658536585366,11
TOR,2023,0.2631578947368421,0.25561145510835914,0.4577894736842105,0.15392254220456802,0.18620414673046254,0.29168421052631577,0.20644283121597096,0.20128022759601708,0.5187894736842105,0.34449122807017546,0.1262135922330097,0.1373555840821566,0.7352105263157894,0.17105263157894737,0.20307017543859648,0.19269005847953216,0.14103618421052633,0.2649122807017544,0.5008892569584109,0.06842105263157895,0.14681440443213295,0.2710526315789474,0.23633182679690914,0.0,0.0,0.0,0.0,0.05263157894736842,0.5,18
TOR,2024,0.28324225865209474,0.27314814814814814,0.4465555555555556,0.16981132075471697,0.20314253647586983,0.2826296296296296,0.22062579821200512,0.2137137137137137,0.5257037037037038,0.33686419753086416,0.12693275800071915,0.14272809394760613,0.6952592592592592,0.1691358024691358,0.23055555555555554,0.20925925925925928,0.1875,0.23950617283950618,0.496828539239711,0.07469135802469136,0.20207927225471084,0.28641975308641976,0.2523853493382579,0.0,0.0,0.0,0.037037037037037035,0.0,0.3048780487804878,25
TOR,2025,0.28725782414307005,0.28442513368983957,0.4379090909090909,0.1955403087478559,0.22623966942148763,0.30377272727272725,0.2139498432601881,0.21375921375921375,0.5018636363636364,0.33424242424242423,0.1354810238305384,0.1467110125646711,0.7530909090909091,0.19393939393939394,0.23901515151515154,0.22373737373737376,0.18004261363636362,0.23636363636363636,0.495674444473533,0.059848484848484845,0.22408293460925038,0.3189393939393939,0.26051372450264415,0.0,0.0,0.0,0.0,0.0,0.36585365853658536,24
UTA,2005,0.2391513982642237,0.24048442906574394,0.4306470588235294,0.049944506104328525,0.06016042780748664,0.247,0.22920892494929007,0.2594064652888182,0.4392352941176471,0.3010980392156863,0.17532838378069673,0.19368723098995694,0.7371176470588235,0.18137254901960786,0.19313725490196076,0.18888888888888888,0.16819852941176472,0.20196078431372547,0.46824569018877255,0.07058823529411765,0.24355005159958718,0.4107843137254902,0.21916245722665795,0.0,0.0,0.0,0.0,0.0,0.3170731707317073,27
UTA,2006,0.24590163934426232,0.24950980392156863,0.42913333333333337,0.05660377358490566,0.0707070707070707,0.19033333333333333,0.2327586206896552,0.2630630630630631,0.4456,0.29848888888888886,0.17605177993527507,0.205420054200542,0.6824666666666667,0.19333333333333333,0.21333333333333332,0.20703703703703705,0.14427083333333332,0.18888888888888886,0.4555673106936016,0.08222222222222222,0.22923976608187133,0.37,0.2253000923361034,0.0,0.0,0.0,0.06666666666666667,0.0,0.5,16
UTA,2007,0.26481715006305173,0.25197963800904977,0.4512307692307692,0.06966618287373005,0.08508158508158509,0.21169230769230768,0.246684350132626,0.2588357588357588,0.4746923076923077,0.31584615384615383,0.18521284540702015,0.20888055034396497,0.7122307692307692,0.1846153846153846,0.2173076923076923,0.20555555555555555,0.16526442307692307,0.2128205128205128,0.48565897378879075,0.061538461538461535,0.2321187584345479,0.3743589743589744,0.24206264649477943,0.0,0.0,0.0,0.07692307692307693,0.0,0.6219512195121951,6
UTA,2008,0.27107728337236536,0.24816176470588233,0.46349999999999997,0.08625336927223719,0.09415584415584417,0.24392857142857144,0.24445812807881775,0.2483912483912484,0.4881428571428571,0.33171428571428574,0.16574202496532592,0.18176538908246223,0.7584285714285715,0.16785714285714284,0.20357142857142857,0.19246031746031747,0.16629464285714285,0.24047619047619048,0.5010772550207943,0.06190476190476191,0.2155388471177945,0.35595238095238096,0.24277799762564303,0.0,0.0,0.07142857142857142,0.07142857142857142,0.0,0.6585365853658537,8
UTA,2009,0.27158469945355196,0.2563725490196079,0.4652,0.07169811320754718,0.08181818181818182,0.1754666666666667,0.25287356321839083,0.26546546546546546,0.4844666666666667,0.32537777777777777,0.17928802588996762,0.19728997289972897,0.7434666666666666,0.17666666666666667,0.22111111111111112,0.2062962962962963,0.15989583333333332,0.24888888888888888,0.4926979396262613,0.06777777777777777,0.21871345029239767,0.3411111111111111,0.24469067405355494,0.0,0.0,0.13333333333333333,0.06666666666666667,0.13333333333333333,0.5853658536585366,11
UTA,2010,0.28512880562060894,0.26339285714285715,0.47521428571428576,0.09164420485175204,0.10173160173160174,0.24564285714285714,0.2580049261083744,0.2625482625482626,0.5024285714285714,0.3388095238095238,0.1740638002773925,0.19976771196283388,0.7007857142857142,0.15595238095238093,0.2255952380952381,0.20238095238095238,0.19029017857142858,0.25952380952380955,0.5060107415925593,0.07023809523809524,0.2255639097744361,0.3380952380952381,0.2556390977443609,0.0,0.0,0.0,0.0,0.0,0.6463414634146342,8
UTA,2011,0.27356557377049184,0.2681525735294118,0.4531875,0.10141509433962265,0.11363636363636365,0.2484375,0.2408405172413793,0.2598536036036036,0.4703125,0.32525,0.18446601941747573,0.1996951219512195,0.74375,0.1625,0.20729166666666665,0.19166666666666668,0.17724609375,0.22499999999999998,0.4929130122019376,0.08645833333333333,0.2324561403508772,0.33854166666666663,0.2510387811634349,0.0,0.0,0.0625,0.0625,0.0625,0.47560975609756095,18
UTA,2012,0.25191256830601094,0.25343137254901965,0.4402,0.07295597484276731,0.09444444444444446,0.23399999999999999,0.23045977011494254,0.25495495495495496,0.47313333333333335,0.3145777777777778,0.14110032362459546,0.15663956639566393,0.6938666666666666,0.17333333333333334,0.20500000000000002,0.19296296296296295,0.14010416666666667,0.22444444444444445,0.47168172278969656,0.07555555555555556,0.2046783625730994,0.31444444444444447,0.22123730378578024,0.0,0.0,0.0,0.0,0.0,0.5454545454545454,15
UTA,2013,0.27364438839848676,0.27064479638009054,0.4511538461538462,0.10595065312046445,0.11713286713286714,0.31653846153846155,0.23938992042440319,0.2616077616077616,0.47207692307692306,0.32579487179487177,0.15235250186706495,0.1682301438398999,0.7528461538461537,0.18205128205128204,0.2205128205128205,0.20726495726495725,0.17668269230769232,0.258974358974359,0.48888693249567006,0.0923076923076923,0.23481781376518215,0.3294871794871795,0.243980396334967,0.0,0.0,0.0,0.0,0.0,0.524390243902439,15
UTA,2014,0.21359691417550628,0.21929065743944637,0.45694117647058824,0.0921198668146504,0.11541889483065955,0.2021764705882353,0.18204868154158216,0.19952305246422894,0.503235294117647,0.3312549019607843,0.11193603655054253,0.12816834050693449,0.6154117647058823,0.14313725490196078,0.19852941176470587,0.18104575163398695,0.12362132352941177,0.17647058823529413,0.4544834859208359,0.058823529411764705,0.1981424148606811,0.28431372549019607,0.18950627342349682,0.0,0.0,0.0,0.0,0.0,0.3048780487804878,27
UTA,2015,0.2180327868852459,0.22261029411764705,0.433,0.11698113207547171,0.13371212121212123,0.2945,0.17629310344827587,0.19301801801801804,0.43535,0.3300333333333333,0.11990291262135921,0.1382113821138211,0.67245,0.13833333333333334,0.19291666666666668,0.17472222222222222,0.1078125,0.20666666666666664,0.4874536743264346,0.05833333333333333,0.17982456140350878,0.26083333333333336,0.19889196675900275,0.0,0.0,0.0,0.0,0.0,0.4634146341463415,20
UTA,2016,0.2494877049180328,0.25183823529411764,0.439125,0.12735849056603774,0.14441287878787878,0.2423125,0.20474137931034483,0.2221283783783784,0.48150000000000004,0.32295833333333335,0.1407766990291262,0.15955284552845528,0.7723125,0.15208333333333332,0.228125,0.20347222222222222,0.1298828125,0.21041666666666667,0.48291813874092804,0.071875,0.21600877192982454,0.3020833333333333,0.2278393351800554,0.0,0.0,0.0,0.0625,0.0,0.4878048780487805,19
UTA,2017,0.2769320843091335,0.26864495798319327,0.4612142857142857,0.16576819407008087,0.17911255411255414,0.29607142857142854,0.21613300492610837,0.22265122265122267,0.49814285714285716,0.3442857142857143,0.14979195561719832,0.16724738675958187,0.7575000000000001,0.1380952380952381,0.24821428571428572,0.2115079365079365,0.14285714285714285,0.20714285714285713,0.5086267927733618,0.07023809523809524,0.20426065162907267,0.28928571428571426,0.25366046695686584,0.0,0.0,0.0,0.07142857142857142,0.0,0.6219512195121951,8
UTA,2018,0.2983606557377049,0.29215686274509806,0.4646,0.19245283018867926,0.21464646464646464,0.2998,0.22586206896551725,0.22972972972972974,0.5077333333333333,0.3491111111111111,0.1553398058252427,0.16693766937669377,0.7908666666666666,0.13777777777777775,0.26555555555555554,0.22111111111111112,0.15989583333333332,0.2711111111111111,0.5213093514606202,0.07777777777777777,0.22923976608187135,0.30333333333333334,0.27460757156048016,0.0,0.0,0.0,0.06666666666666667,0.06666666666666667,0.5853658536585366,11
UTA,2019,0.2560270009643202,0.24805363321799306,0.46670588235294114,0.16981132075471697,0.19474153297682711,0.2781764705882353,0.19016227180527384,0.18733439321674616,0.5254705882352941,0.3556470588235294,0.1382067390062821,0.15494978479196556,0.7556470588235294,0.14019607843137255,0.221078431372549,0.19444444444444445,0.15441176470588236,0.20980392156862743,0.5225728763759305,0.07352941176470588,0.20639834881320948,0.2833333333333333,0.2372494704252892,0.0,0.058823529411764705,0.0,0.058823529411764705,0.0,0.6097560975609756,8
UTA,2020,0.23770491803278693,0.2341331269349845,0.45473684210526316,0.182720953326713,0.2025518341307815,0.33357894736842103,0.16742286751361163,0.16619250829777146,0.5166842105263157,0.34810526315789475,0.12212570260602963,0.1317928968763372,0.7740526315789474,0.11491228070175437,0.21491228070175436,0.18128654970760236,0.1278782894736842,0.15614035087719297,0.5113757392722156,0.05350877192982456,0.1948291782086796,0.26403508771929823,0.2223356174369442,0.0,0.05263157894736842,0.05263157894736842,0.05263157894736842,0.05263157894736842,0.6111111111111112,11
UTA,2021,0.2845433255269321,0.27521008403361347,0.4635714285714286,0.27088948787061995,0.28192640692640697,0.30942857142857144,0.17610837438423646,0.1702059202059202,0.5301428571428571,0.3724761904761905,0.13869625520110956,0.1445993031358885,0.8286428571428571,0.14285714285714285,0.25357142857142856,0.21666666666666665,0.15904017857142858,0.19285714285714284,0.5434100804791214,0.06666666666666667,0.20050125313283207,0.2654761904761905,0.2712702809655718,0.0,0.0,0.0,0.07142857142857142,0.07142857142857142,0.7222222222222222,1
UTA,2022,0.22391952309985097,0.2150735294117647,0.47077272727272723,0.18524871355060035,0.21246556473829203,0.2621818181818182,0.14968652037617555,0.1375921375921376,0.5518181818181819,0.36515151515151517,0.11209179170344218,0.12675535846267552,0.6117272727272728,0.13863636363636364,0.21666666666666667,0.19065656565656566,0.11186079545454546,0.1606060606060606,0.5226515870202552,0.06136363636363637,0.16267942583732056,0.2409090909090909,0.2100226643162931,0.0,0.045454545454545456,0.045454545454545456,0.045454545454545456,0.045454545454545456,0.5975609756097561,9
UTA,2023,0.2727272727272727,0.2620320855614973,0.4825,0.1998284734133791,0.23002754820936638,0.3364090909090909,0.19631661442006268,0.1844799344799345,0.561,0.3688787878787879,0.13106796116504854,0.139320029563932,0.685409090909091,0.14772727272727273,0.23446969696969697,0.20555555555555555,0.17009943181818182,0.16818181818181818,0.534478575101509,0.06363636363636363,0.2033492822966507,0.2825757575757576,0.2511961722488038,0.0,0.0,0.0,0.0,0.0,0.45121951219512196,22
UTA,2024,0.2790788446526152,0.26383053221288516,0.4735714285714286,0.1940700808625337,0.22366522366522368,0.31052380952380954,0.2052545155993432,0.19090519090519092,0.5581904761904761,0.3604126984126984,0.14147018030513175,0.143244289585753,0.7535238095238095,0.18333333333333335,0.23134920634920636,0.21507936507936506,0.17485119047619047,0.18888888888888888,0.5302648254691079,0.08095238095238096,0.2096908939014202,0.2507936507936508,0.25643055005935894,0.0,0.0,0.0,0.0,0.0,0.3780487804878049,23
UTA,2025,0.28319672131147544,0.2852941176470588,0.4413,0.22358490566037736,0.2681818181818182,0.30865,0.19612068965517243,0.1900900900900901,0.5252,0.343,0.14563106796116504,0.15772357723577235,0.7611,0.20416666666666666,0.26041666666666663,0.24055555555555555,0.159765625,0.23833333333333334,0.5063585085702381,0.07416666666666667,0.23859649122807017,0.3025,0.2660664819944598,0.0,0.0,0.0,0.0,0.0,0.2073170731707317,30
WAS,2005,0.26612021857923496,0.2769607843137255,0.4248,0.10440251572327044,0.1212121212121212,0.22613333333333333,0.23275862068965517,0.2672672672672673,0.43493333333333334,0.3044444444444444,0.18252427184466016,0.2130081300813008,0.6839999999999999,0.2122222222222222,0.2227777777777778,0.2185185185185185,0.13385416666666666,0.26,0.4553692643462853,0.07111111111111111,0.22807017543859648,0.3511111111111111,0.24727608494921513,0.0,0.0,0.0,0.0,0.0,0.5487804878048781,13
WAS,2006,0.25526932084309134,0.2615546218487395,0.43078571428571427,0.1091644204851752,0.12391774891774891,0.26235714285714284,0.21921182266009853,0.24646074646074645,0.446,0.310047619047619,0.18099861303744796,0.19802555168408828,0.7264285714285714,0.1773809523809524,0.20476190476190476,0.19603174603174603,0.12890624999999997,0.24761904761904763,0.4675483506725273,0.055952380952380955,0.20426065162907267,0.34523809523809523,0.24000791452314998,0.0,0.0,0.07142857142857142,0.0,0.07142857142857142,0.5121951219512195,13
WAS,2007,0.23616803278688525,0.23621323529411764,0.4318125,0.09080188679245284,0.10558712121212122,0.19875,0.20689655172413793,0.22635135135135137,0.4479375,0.304125,0.1620145631067961,0.17886178861788615,0.6475625,0.175,0.19270833333333334,0.18680555555555556,0.11962890625,0.19583333333333333,0.4587077170038122,0.06666666666666667,0.18311403508771928,0.31666666666666665,0.2188365650969529,0.0,0.0,0.0,0.0,0.0625,0.5,15
WAS,2008,0.29192938209331654,0.2966628959276018,0.43984615384615383,0.13497822931785197,0.16083916083916083,0.2746153846153846,0.24336870026525198,0.2681912681912682,0.4655384615384615,0.32420512820512826,0.19417475728155337,0.20888055034396497,0.7018461538461539,0.18205128205128204,0.2358974358974359,0.21752136752136753,0.16346153846153846,0.2846153846153846,0.48970824796900797,0.06538461538461537,0.24021592442645073,0.308974358974359,0.2723204773066269,0.0,0.0,0.07692307692307693,0.07692307692307693,0.07692307692307693,0.524390243902439,14
WAS,2009,0.2569913211186114,0.27076124567474047,0.4261764705882353,0.09100998890122088,0.11319073083778966,0.24829411764705883,0.2281947261663286,0.26444091149973503,0.4436470588235294,0.3054117647058824,0.17818389491719017,0.20373027259684362,0.7127647058823529,0.1715686274509804,0.22647058823529412,0.20718954248366012,0.19255514705882354,0.2156862745098039,0.4664880111110624,0.0803921568627451,0.21259029927760575,0.3137254901960784,0.23773830861984682,0.0,0.0,0.058823529411764705,0.0,0.0,0.23170731707317074,29
WAS,2010,0.2701192250372579,0.2760695187165776,0.4323636363636364,0.0986277873070326,0.11294765840220386,0.25881818181818184,0.23981191222570536,0.2717035217035217,0.44949999999999996,0.30903030303030304,0.16593115622241836,0.18699186991869918,0.7102727272727273,0.17954545454545454,0.2162878787878788,0.2037878787878788,0.13494318181818182,0.19090909090909092,0.4666568222718988,0.06818181818181818,0.23444976076555024,0.3325757575757576,0.2445227902291614,0.0,0.0,0.0,0.0,0.0,0.3170731707317073,27
WAS,2011,0.24768353528153958,0.26342710997442453,0.43443478260869567,0.09269893355209188,0.1215415019762846,0.21826086956521737,0.21776611694152925,0.2504896200548375,0.4557826086956522,0.309768115942029,0.13761080624736174,0.1569459172852598,0.6658260869565218,0.15507246376811593,0.1931159420289855,0.18043478260869564,0.14402173913043478,0.25362318840579706,0.45554333699807964,0.07173913043478261,0.2204424103737605,0.3333333333333333,0.2204022642418403,0.0,0.0,0.0,0.0,0.0,0.2804878048780488,27
WAS,2012,0.2598360655737705,0.2595588235294118,0.4667,0.08679245283018869,0.10946969696969697,0.2254,0.2336206896551724,0.2536036036036036,0.49495000000000006,0.33340000000000003,0.11504854368932038,0.13414634146341461,0.6768,0.17666666666666667,0.24125000000000002,0.21861111111111114,0.106640625,0.2583333333333333,0.48467251790745003,0.09583333333333333,0.20614035087719298,0.3175,0.22022160664819945,0.0,0.0,0.0,0.05,0.0,0.30303030303030304,29
WAS,2013,0.23770491803278693,0.25367647058823534,0.40136842105263154,0.10526315789473684,0.12559808612440193,0.18463157894736842,0.2014519056261343,0.2361308677098151,0.4253684210526316,0.29168421052631577,0.1205927439959121,0.13692768506632436,0.7165789473684211,0.14473684210526316,0.2236842105263158,0.19736842105263158,0.1595394736842105,0.2210526315789474,0.4379003328207959,0.06315789473684211,0.22622345337026775,0.3078947368421052,0.21052631578947367,0.0,0.0,0.0,0.0,0.0,0.35365853658536583,24
WAS,2014,0.2497589199614272,0.24675605536332182,0.4375294117647059,0.1120976692563818,0.1216577540106952,0.3264705882352941,0.21044624746450305,0.2294647588765236,0.45529411764705885,0.317843137254902,0.11422044545973728,0.1329507412721186,0.717,0.15882352941176472,0.21519607843137256,0.1957516339869281,0.1410845588235294,0.22549019607843135,0.4681203492917323,0.058823529411764705,0.20536635706914344,0.2950980392156863,0.2173700505132801,0.0,0.0,0.0,0.058823529411764705,0.0,0.5365853658536586,15
WAS,2015,0.23529411764705882,0.23745674740484432,0.4264117647058823,0.08768035516093231,0.10650623885918005,0.21729411764705883,0.20689655172413793,0.2273449920508744,0.45223529411764707,0.30729411764705883,0.12507138777841234,0.14155906264945,0.7204705882352941,0.13725490196078433,0.21372549019607842,0.1869281045751634,0.15165441176470587,0.18235294117647058,0.4641282814182783,0.049999999999999996,0.2002063983488132,0.2931372549019608,0.20710444842757048,0.0,0.0,0.0,0.0,0.0,0.5609756097560976,12
WAS,2016,0.2553925798101812,0.2523219814241486,0.44594736842105265,0.13406156901688182,0.15749601275917066,0.24873684210526315,0.20644283121597096,0.21716453295400667,0.4807894736842105,0.3313684210526316,0.12263668880940214,0.14462986735130506,0.6818947368421052,0.1350877192982456,0.22324561403508775,0.19385964912280704,0.13157894736842105,0.2157894736842105,0.4864171330308629,0.051754385964912275,0.1828254847645429,0.29035087719298247,0.22714681440443213,0.0,0.0,0.0,0.0,0.0,0.5,18
WAS,2017,0.2836065573770492,0.2732843137254902,0.45413333333333333,0.1509433962264151,0.1696969696969697,0.28986666666666666,0.22931034482758622,0.23363363363363365,0.4986666666666667,0.3354666666666667,0.14627831715210354,0.15501355013550133,0.7562,0.14444444444444443,0.22777777777777777,0.20037037037037037,0.1640625,0.2533333333333333,0.4968063273860034,0.057777777777777775,0.20818713450292398,0.3188888888888889,0.2548476454293629,0.0,0.0,0.0,0.0,0.0,0.5975609756097561,9
WAS,2018,0.2827868852459017,0.27862394957983194,0.44992857142857146,0.15498652291105122,0.16883116883116883,0.28121428571428575,0.22660098522167488,0.240990990990991,0.4849285714285715,0.3312857142857143,0.15048543689320387,0.16376306620209058,0.7213571428571429,0.1571428571428571,0.24345238095238095,0.21507936507936506,0.19308035714285712,0.25476190476190474,0.4962302327253772,0.060714285714285714,0.22431077694235588,0.325,0.25682627621685794,0.0,0.0,0.07142857142857142,0.0,0.07142857142857142,0.524390243902439,17
WAS,2019,0.29508196721311475,0.28404731457800514,0.44817391304347826,0.16817063166529944,0.20783926218708831,0.29056521739130436,0.23163418290854573,0.2254210732471602,0.5031304347826088,0.3340289855072464,0.15027437737441957,0.17179215270413573,0.6675217391304348,0.15579710144927536,0.2554347826086957,0.22125603864734297,0.16236413043478262,0.25362318840579706,0.49401270373389117,0.07608695652173912,0.2120518688024409,0.3326086956521739,0.2670119234011803,0.0,0.0,0.0,0.0,0.0,0.3902439024390244,25
WAS,2020,0.2601568068424804,0.25991048593350385,0.44673913043478264,0.18621821164889257,0.20125164690382083,0.33660869565217394,0.18853073463268366,0.19858989424206816,0.4763913043478261,0.3457391304347826,0.14394259181089067,0.15623895369388477,0.6464782608695652,0.13478260869565217,0.20579710144927538,0.1826086956521739,0.15353260869565216,0.21594202898550724,0.5105021319354234,0.059420289855072465,0.18611746758199849,0.32028985507246377,0.24340599783210887,0.0,0.0,0.0,0.0,0.0,0.3472222222222222,22
WAS,2021,0.2713114754098361,0.25661764705882356,0.44545,0.139622641509434,0.16628787878787882,0.2813,0.2206896551724138,0.21576576576576575,0.5023,0.3328666666666667,0.14223300970873787,0.1565040650406504,0.6694,0.14916666666666667,0.24291666666666667,0.21194444444444444,0.1453125,0.20166666666666666,0.49016430378335485,0.06916666666666667,0.22807017543859648,0.31916666666666665,0.2436288088642659,0.0,0.0,0.0,0.0,0.05,0.4722222222222222,17
WAS,2022,0.24527112232030268,0.2374151583710407,0.461,0.12844702467343977,0.15588578088578092,0.24026923076923076,0.19927055702917773,0.1976784476784477,0.5171538461538462,0.3381282051282052,0.13592233009708737,0.14602876797998748,0.6625384615384615,0.14615384615384613,0.21506410256410258,0.19145299145299147,0.16256009615384615,0.20256410256410257,0.5015686337344826,0.061538461538461535,0.1700404858299595,0.2705128205128205,0.22288514809290433,0.0,0.0,0.0,0.038461538461538464,0.038461538461538464,0.4268292682926829,21
WAS,2023,0.26307572209211555,0.25157563025210083,0.4381904761904762,0.15992812219227315,0.19083694083694086,0.26695238095238094,0.2036124794745484,0.19498069498069498,0.49733333333333335,0.32765079365079364,0.13222376329172444,0.1416957026713124,0.6986190476190476,0.13015873015873017,0.2198412698412698,0.18968253968253967,0.15699404761904762,0.19047619047619047,0.4831982667199382,0.06349206349206349,0.18128654970760233,0.2650793650793651,0.23901859912940246,0.0,0.0,0.0,0.0,0.0,0.4268292682926829,24
WAS,2024,0.26154992548435174,0.24799465240641713,0.46763636363636363,0.16295025728987994,0.19042699724517906,0.3361363636363636,0.2006269592476489,0.19000819000819,0.5420909090909091,0.35263636363636364,0.12047661076787289,0.13118994826311897,0.7545000000000001,0.15000000000000002,0.21666666666666667,0.19444444444444445,0.15305397727272727,0.20757575757575755,0.5206788907345284,0.07575757575757575,0.17464114832535885,0.27424242424242423,0.23457567363384538,0.0,0.0,0.0,0.0,0.0,0.18292682926829268,29
WAS,2025,0.2809239940387482,0.28475935828877,0.4510454545454545,0.18782161234991426,0.23174931129476584,0.29095454545454547,0.210423197492163,0.21171171171171171,0.5245909090909091,0.3394242424242424,0.1443071491615181,0.15705838876570583,0.7570454545454546,0.1606060606060606,0.24015151515151514,0.2143939393939394,0.1708096590909091,0.2318181818181818,0.505837489446551,0.06742424242424241,0.2208931419457735,0.27575757575757576,0.25824729287333165,0.0,0.0,0.0,0.0,0.0,0.21951219512195122,29
